id,domain,status,purchase_price,renewal_price,attractiveness,demand,length,registrar,created_at,expires_at,status_verified_at
da4845fb-0e15-43a3-8f18-89eafcf1b879,endowment.cn,available,5.36,5.36,high,low,9,dynadot,,,29/09/2026 18:11
3c3a20fb-411d-45aa-8ffb-e4889bb8424b,encountered.cn,available,5.36,5.36,low,low,11,dynadot,,,28/09/2026 23:17
85dd6980-7d18-4502-9d03-fcb8d5fd5747,evelyn.cn,resell,,,high,low,6,阿里巴巴云计算（北京）有限公司,,,26/09/2026 05:54
009ed2de-8730-43d5-9c1f-7e52c5f74cbd,vitamin.cn,resell,,,high,low,7,Dynadot Inc,,,26/09/2026 10:01
0217e8d8-82e7-4917-ac54-72a0fda70979,semester.cn,available,5.36,5.36,high,low,8,dynadot,,,28/09/2026 06:43
c7b3e784-6c10-48d7-8c7a-5c1716c26b42,implicit.cn,resell,,,medium,low,8,阿里云计算有限公司（万网）,,,26/09/2026 06:49
a7fb89f3-f4ad-44ca-93f2-8cdef8b60590,silesian.cn,available,5.36,5.36,medium,low,8,dynadot,,,29/09/2026 03:15
ab75e10b-4cef-42b5-9975-c81614559740,confirms.cn,available,5.36,5.36,low,low,8,dynadot,,,29/09/2026 05:49
9c228b17-7fff-4692-bc68-0667531add9e,bowls.cn,resell,,,high,low,5,成都西维数码科技有限公司,,,29/09/2026 03:46
5497b2f2-818f-4591-9379-d306d642358c,resulting.cn,available,5.36,5.36,high,low,9,dynadot,,,29/09/2026 10:42
a700e171-0dfb-4f0e-b563-3b266c03fc34,targets.cn,resell,,,medium,low,7,Dynadot Inc,,,26/09/2026 09:31
e04fdea7-829c-4499-815e-4cc35a0649bb,mansion.cn,resell,,,high,low,7,,,,28/09/2026 06:20
4a5c34e8-4444-4de4-a32b-429a9af59f0d,precious.cn,resell,,,high,low,8,Dynadot Inc,,,26/09/2026 08:17
ac6b6d39-fd45-4cfc-97ff-3d00809d1f7f,gower.cn,available,5.36,5.36,high,low,5,dynadot,,,29/09/2026 04:18
5adc58d9-ada9-42c6-b256-5e519b4a95bc,evidently.cn,resell,,,medium,low,9,阿里云计算有限公司（万网）,,,26/09/2026 05:55
176ead73-c01d-4004-87df-2231b82a1ee0,escape.cn,resell,,,high,low,6,Dynadot Inc,,,26/09/2026 05:53
56bd95c7-d6b6-4e82-b2f7-ae1cd280745a,guided.cn,resell,,,high,low,6,厦门市中资源网络服务有限公司,,,26/09/2026 06:31
c80cf3b7-b318-44c6-a3a5-4de874cfbcd6,topless.cn,resell,,,medium,low,7,Dynadot Inc,,,26/09/2026 09:41
630a8bd1-7118-4b03-9ef2-d561ff22df0b,presses.cn,available,5.36,5.36,medium,low,7,dynadot,,,30/09/2026 00:10
5bf924e9-e9b1-47a0-b246-928bc00039c9,aggregator.cn,resell,,,medium,low,10,阿里云计算有限公司（万网）,,,26/09/2026 01:26
97e2e23a-f162-4430-8cb6-c6f93c91d0f8,traveler.cn,resell,,,high,low,8,Dynadot Inc,,,26/09/2026 09:44
daeb778a-43e2-48f9-91b0-6eff783c25fc,mendelian.cn,resell,,,medium,low,9,阿里云计算有限公司（万网）,,,26/09/2026 07:30
dae7b253-0c16-4ced-95a4-1ea6e1b89da5,souls.cn,resell,,,high,low,5,WEST263 INTERNATIONAL LIMITED,,,26/09/2026 09:10
6861d00c-1298-4398-939b-f6f651ffac67,chest.cn,resell,,,high,low,5,Dynadot Inc,,,26/09/2026 04:54
6125569f-fa18-46f8-9ecc-570e9ec6246f,cello.cn,resell,,,high,low,5,,,,30/09/2026 01:01
dc9a68fc-74c2-4d16-9488-78cf22ea59f5,parents.cn,resell,,,high,low,7,Dynadot Inc,,,26/09/2026 08:02
a5f666f7-da5e-4900-bdc0-02f5dbf827b1,gardens.cn,resell,,,medium,low,7,,,,28/09/2026 13:13
8bc6c28b-049c-4115-90d0-1a2437045598,commentator.cn,available,5.36,5.36,high,low,11,dynadot,,,29/09/2026 08:48
97e6c9aa-fc8d-47e8-a61e-f47ab109f954,barn.cn,resell,,,high,low,4,Dynadot Inc,,,29/09/2026 01:11
629174f4-f53c-44b2-ac77-cd8de5a9875f,sleek.cn,resell,,,high,low,5,Dynadot Inc,,,26/09/2026 09:04
f40bc171-8ad8-4fc9-9405-7c4efd2552f0,bump.cn,resell,,,high,low,4,阿里云计算有限公司（万网）,,,29/09/2026 05:15
86d1de1e-f40f-44b2-a3f7-715df4004760,turks.cn,available,5.36,5.36,medium,low,5,dynadot,,,29/09/2026 16:41
139b9ff4-d12a-49c2-82d8-54726d957360,balanced.cn,resell,,,high,low,8,成都西维数码科技有限公司,,,29/09/2026 16:30
61d2d6a9-0282-442e-9407-818ebbcf3159,tenacious.cn,resell,,,high,low,9,厦门市中资源网络服务有限公司,,,26/09/2026 09:33
4e091906-07c3-488b-bbb6-bf577c055017,euphoric.cn,resell,,,high,low,8,厦门市中资源网络服务有限公司,,,26/09/2026 05:54
a9204b9d-f1e1-4b19-b522-a0bd9feb05b0,calorie.cn,resell,,,high,low,7,Dynadot Inc,,,26/09/2026 04:43
e90781c7-96e2-4de4-abde-ead637adb0cc,obamacare.cn,available,,,medium,low,10,,,,
22c36dc9-41bc-48be-bf06-e6f9048774db,penthouse.cn,resell,,,high,low,9,,,,29/09/2026 07:51
9e6fcd17-249e-4df0-95ad-5809d25ba9ec,bbc.cn,resell,,,high,medium,3,厦门三五互联信息有限公司,,,26/09/2026 04:18
dc981092-6174-47d2-b84c-d2fcec5e37a2,bind.cn,resell,,,high,low,4,Dynadot Inc,,,26/09/2026 04:25
9944142c-e33a-46e2-a0d3-e92092f20696,tutorial.cn,resell,,,high,low,8,Dynadot Inc,,,26/09/2026 09:48
f1182b88-219c-4687-8e75-a9847bca99ba,incisive.cn,resell,,,medium,low,8,腾讯云计算（北京）有限责任公司,,,26/09/2026 06:50
f03d8241-e415-4d25-9e11-8b5727905291,meantime.cn,resell,,,high,low,8,成都垦派科技有限公司,,,26/09/2026 07:29
1622a2fd-8b05-4904-a0e0-a8a52412845c,betting.cn,resell,,,high,low,7,Dynadot Inc,,,26/09/2026 04:23
1ea56527-e025-4603-abad-22b8cac6e0a1,malfunction.cn,available,5.36,5.36,medium,low,11,dynadot,,,29/09/2026 08:32
8bf53f98-30a7-4aaf-8333-fe31a1c4ac8c,forearm.cn,available,9.99,9.99,high,low,7,godaddy,,,30/09/2026 01:41
5db1fccd-7caf-448d-aac7-39f7e19657ce,soup.cn,resell,,,high,low,4,Dynadot Inc,,,26/09/2026 09:10
89a4da32-2fb0-4b42-9dfa-2a0e5ca35428,seduce.cn,resell,,,medium,low,6,,,,29/09/2026 14:16
f8ee0e9a-5e0e-4e70-b84d-546ef93ae44f,assembled.cn,resell,,,medium,low,9,,,,28/09/2026 23:20
97e10752-3e84-4b06-bd85-1e151ebe6088,beef.cn,resell,,,high,low,4,Dynadot Inc,,,26/09/2026 04:20
23d41699-10f9-4efb-b99f-648a3ce71ba9,unbranded.cn,resell,,,medium,low,9,阿里云计算有限公司（万网）,,,26/09/2026 09:50
cdb20bbd-3ae4-4398-b08e-b6f0424790c4,hostel.cn,resell,,,high,low,6,Dynadot Inc,,,26/09/2026 06:44
366f4a83-9054-460c-872d-b264f2f595cb,occurs.cn,available,5.36,5.36,medium,low,6,dynadot,,,28/09/2026 17:56
3ba3b6e3-51c7-4951-85a6-561a315a5392,snatch.cn,resell,,,high,low,6,阿里云计算有限公司（万网）,,,26/09/2026 09:06
c54b6260-cb32-4fc7-af83-9924b21a812a,decks.cn,available,5.36,5.36,medium,low,5,dynadot,,,29/09/2026 05:44
8f5488eb-5a4d-47c3-ac83-15b2a5aa8cbd,exquisite.cn,resell,,,high,low,9,阿里云计算有限公司（万网）,,,26/09/2026 05:58
e8aba85c-9407-4622-83c6-04f89273fb7d,yield.cn,resell,,,high,low,5,阿里云计算有限公司（万网）,,,26/09/2026 10:16
ed1830d4-12aa-4625-b30b-2e1bb3c8a39f,alt.cn,resell,,,high,medium,3,厦门易名科技股份有限公司,,,26/09/2026 03:49
877bd93e-9cf5-4f4f-854c-b01bf19968cf,grants.cn,resell,,,medium,low,6,,,,29/09/2026 09:56
21d7737d-f7f4-49a0-b6a5-7946d9af3f33,primordium.cn,resell,,,medium,low,10,福州中旭网络技术有限公司,,,26/09/2026 08:19
95e1c3b0-9167-4367-9554-914a0bd9748e,puffy.cn,resell,,,medium,low,5,阿里云计算有限公司（万网）,,,26/09/2026 08:24
1b2cb1bf-c091-4198-8342-e33e9526d696,extraordinary.cn,resell,,,high,low,13,成都垦派科技有限公司,,,26/09/2026 05:58
0d0b9ea0-639d-463c-9b56-6e92bf47c0bd,sweating.cn,available,5.36,5.36,medium,low,8,dynadot,,,28/09/2026 13:54
9e4720ee-d16d-4865-a7ca-65f1d9f2f5a9,lineages.cn,available,5.36,5.36,medium,low,8,dynadot,,,28/09/2026 09:04
aec82a81-7562-4b95-bf17-ef7455a4ba53,complete.cn,resell,,,high,low,8,阿里云计算有限公司（万网）,,,26/09/2026 05:09
325fbe4d-159b-490f-b86d-f3c38bfc441c,courtyard.cn,resell,,,high,low,9,Dynadot Inc,,,29/09/2026 11:51
58836ee9-4f0f-4e2a-8318-7797af4e87fa,aquatics.cn,resell,,,high,low,8,Dynadot Inc,,,26/09/2026 03:57
cad31639-56fa-48d0-b9f1-efef84de11cb,developed.cn,resell,,,high,low,9,成都西维数码科技有限公司,,,26/09/2026 05:31
bdd1e7ba-a375-4c45-a4cc-46fef2977ee6,residence.cn,resell,,,high,low,9,阿里云计算有限公司（万网）,,,26/09/2026 08:37
605dc7bd-fb16-4820-8aff-194e2f3f4330,occasion.cn,resell,,,high,low,8,Dynadot Inc,,,30/09/2026 01:05
2b1302b6-f1e8-4c3f-b72b-423eb8a303fe,activities.cn,resell,,,medium,low,10,,,,27/09/2026 22:27
f23d44e8-2423-4842-bb98-0acce850fdec,interpreter.cn,resell,,,high,low,11,,,,29/09/2026 08:27
94681499-2d8c-4b4f-8a87-96f5879f4ad1,kitts.cn,available,5.36,5.36,medium,low,5,dynadot,,,29/09/2026 09:58
25dddb30-bc7f-4b4b-86dc-fe207e83a35b,countess.cn,available,5.36,5.36,high,low,8,dynadot,,,28/09/2026 13:48
3f1defc1-5f8c-45d3-9035-56ce7cefc48b,instinct.cn,resell,,,high,medium,8,Dynadot Inc,,,26/09/2026 06:54
a99afe43-7176-4170-b336-0381526a8fdd,unable.cn,resell,,,medium,low,6,浙江贰贰网络有限公司,,,26/09/2026 09:50
5331b12a-48e6-4f97-99ef-f41a62867018,peckham.cn,available,5.36,5.36,medium,low,7,dynadot,,,30/09/2026 00:26
fe0f1445-43b2-4ae2-8492-499d89c27f21,pepper.cn,resell,,,high,low,6,Dynadot Inc,,,26/09/2026 08:06
23e67bfd-efc3-45af-994d-c9b790f207f3,trunk.cn,resell,,,medium,low,5,Dynadot Inc,,,26/09/2026 09:47
ea5406e2-d313-4dc2-8769-0ff0226a6a7f,interview.cn,resell,,,high,low,9,Dynadot Inc,,,29/09/2026 11:18
2e5b0698-0921-4204-9dd5-4dc9a232c0c4,appointed.cn,resell,,,medium,low,9,阿里云计算有限公司（万网）,,,26/09/2026 03:56
060d264c-0372-4e7c-914f-b8c6db2ce198,supermodel.cn,resell,,,high,low,10,Dynadot Inc,,,26/09/2026 09:25
3a3ca758-40a2-4789-9e69-37d741dd133f,boxer.cn,resell,,,high,low,5,Dynadot Inc,,,28/09/2026 04:27
46b4b9ba-5ab2-47bb-958c-286bd6f59eed,pills.cn,resell,,,medium,low,5,Dynadot Inc,,,26/09/2026 08:09
d72cc8be-0993-4101-b096-d50fd799b89f,aspects.cn,resell,,,low,low,7,,,,28/09/2026 23:07
cc34b5e1-6931-4154-9670-d2d30f3dba0d,tapes.cn,resell,,,medium,low,5,Dynadot Inc,,,26/09/2026 09:30
4ff61429-b18a-4b79-9fe7-5c5c0eb299e9,taller.cn,resell,,,medium,low,6,阿里云计算有限公司（万网）,,,26/09/2026 09:30
86242773-048d-429d-b0f5-ec9ca897c94f,hygiene.cn,resell,,,high,low,7,,,,29/09/2026 01:19
0ed23a4b-6bc1-41ca-8667-60fa6aa7b496,prepaid.cn,resell,,,high,low,7,Dynadot Inc,,,26/09/2026 08:18
193b724d-4524-44eb-b723-68d8031ec161,bead.cn,resell,,,high,low,4,Dynadot Inc,,,29/09/2026 01:38
d7dde7bc-62d5-4ba9-8240-089dd6ac5f3f,planetary.cn,resell,,,high,medium,9,广州云讯信息科技有限公司,,,26/09/2026 08:11
33d253ab-71b9-4435-9508-2e6327f2fe8f,sanitary.cn,resell,,,high,medium,8,浙江贰贰网络有限公司,,,26/09/2026 08:48
062f6272-a62b-4452-9991-65ac80881020,tournament.cn,resell,,,high,low,10,,,,27/09/2026 05:49
d7696492-841e-4c4d-b3f3-0af4cb43a38c,wheatley.cn,available,5.36,5.36,medium,low,8,dynadot,,,29/09/2026 01:49
a8fb4432-9298-45ad-87da-3100bedcf6d9,hats.cn,resell,,,high,low,4,成都垦派科技有限公司,,,26/09/2026 06:35
fb074d23-ca3d-4d41-9bf3-e7f12695341b,sibley.cn,available,5.36,5.36,medium,low,6,dynadot,,,28/09/2026 22:18
ce3fb69a-5d72-4d6e-ac5b-2ad3d56b3eb7,crabs.cn,resell,,,high,low,5,,,,29/09/2026 00:30
a590e2ca-9c79-4d6f-a0bc-7c163c548705,catharsis.cn,resell,,,medium,low,9,腾讯云计算（北京）有限责任公司,,,26/09/2026 04:48
2c55f3cc-59dd-4621-954f-877438ece77e,costumes.cn,resell,,,medium,low,8,,,,28/09/2026 05:07
7cf585a0-a4c7-4159-85d2-7c04fce63e33,astronomer.cn,resell,,,high,low,10,阿里云计算有限公司（万网）,,,26/09/2026 04:05
d656f688-2b12-42f4-8181-90a44b3018f7,scottish.cn,resell,,,high,low,8,厦门易名科技股份有限公司,,,26/09/2026 08:51
c7d43d1d-0a57-46f8-8bbe-5a849bdbae63,coconut.cn,resell,,,high,low,7,Dynadot Inc,,,29/09/2026 10:13
4c018739-f8f5-4c4f-9e26-d1361905ccd2,flashy.cn,resell,,,high,low,6,阿里云计算有限公司（万网）,,,26/09/2026 06:07
92f35981-3247-464a-9164-078bae6c2d51,bringing.cn,available,5.36,5.36,high,low,8,dynadot,,,29/09/2026 04:22
60a9c84d-bdf1-4694-9510-93a90c56171d,essence.cn,resell,,,high,low,7,Dynadot Inc,,,28/09/2026 03:54
aa19d97b-0158-41c0-b9cc-4138b0e0062e,obstruction.cn,available,5.36,5.36,medium,low,11,dynadot,,,28/09/2026 17:02
a1bcb5c8-ab66-492a-85ce-4c60acfc27a3,lagoon.cn,resell,,,high,low,6,,,,29/09/2026 07:27
6c2795f2-dd4f-4ada-bd02-ce4058d5f166,cultivars.cn,available,5.36,5.36,low,low,9,dynadot,,,28/09/2026 00:23
42b9643d-f475-403b-b75b-bc8f36f4e1ee,chooses.cn,available,5.36,5.36,low,low,7,dynadot,,,28/09/2026 18:06
0afadae9-4845-4b19-83cb-ae26d617b8d8,superstar.cn,resell,,,high,low,9,Dynadot Inc,,,28/09/2026 17:57
7870eae5-526c-4582-a011-113b4ad03081,conducting.cn,available,5.36,5.36,high,low,10,dynadot,,,29/09/2026 10:46
214d2f3c-c206-4bc4-ba50-9a3149eab232,trading.cn,resell,,,high,low,7,Dynadot Inc,,,26/09/2026 09:43
67cc51e9-cea8-4aa4-b48b-a70c339d8e32,dada.cn,resell,,,high,high,4,广东时代互联科技有限公司,,,26/09/2026 05:24
fc0f9cab-3a61-4606-90f9-e96abfa66317,shaver.cn,resell,,,medium,low,6,Dynadot Inc,,,26/09/2026 08:58
b41b66fa-2764-4ba3-8198-5cd4200ba126,flats.cn,resell,,,high,low,5,,,,29/09/2026 12:22
ded72ebd-637f-40b7-9a1e-34f7f98ffbf6,gravitational.cn,available,5.36,5.36,medium,low,13,dynadot,,,29/09/2026 10:18
2699a55a-00b7-44b4-acad-ffadba4689a1,moonflower.cn,resell,,,high,low,10,阿里云计算有限公司（万网）,,,26/09/2026 07:38
5ac08e60-3caf-4456-ae62-abfe4468aecf,faces.cn,resell,,,medium,low,5,Dynadot Inc,,,26/09/2026 05:59
d9cb85e0-5337-4da4-bfbf-f9e4bf84331c,southwark.cn,available,5.36,5.36,medium,low,9,dynadot,,,29/09/2026 09:21
c1452c81-840b-4302-935b-c32561ace3da,invaded.cn,available,5.36,5.36,low,low,7,dynadot,,,28/09/2026 23:00
61ba2f92-3442-4fdd-9ebe-d76f859531d5,tuxedo.cn,resell,,,high,low,6,Dynadot Inc,,,26/09/2026 09:48
f1b8ed3c-c53b-4abb-8223-db1e4d1c9399,lunch.cn,resell,,,high,low,5,Dynadot Inc,,,29/09/2026 13:42
33340005-0f78-4dde-ba1a-abd303cb4537,magdeburg.cn,available,5.36,5.36,medium,low,9,dynadot,,,29/09/2026 09:34
c944e50b-42a6-4d32-8185-b1bd2ff8b0bf,persecution.cn,available,5.36,5.36,medium,low,11,dynadot,,,29/09/2026 16:24
5b661ff2-3c13-401f-bcac-9df0eee42dd8,vendor.cn,resell,,,high,low,6,,,,28/09/2026 02:42
6bf035ef-a4ef-4dbb-9db7-5d61bf405ccc,swimsuit.cn,resell,,,high,low,8,Dynadot Inc,,,26/09/2026 09:28
f294b70a-3e68-4214-826b-086161d6ecf5,contemplation.cn,resell,,,medium,low,13,阿里云计算有限公司（万网）,,,26/09/2026 05:13
39efe9c6-d5e2-4e7b-9245-2d20f69c0b9c,advisors.cn,resell,,,medium,low,8,Dynadot Inc,,,28/09/2026 17:13
5713d587-535c-42e9-b7af-ab00813ff7b1,cedar.cn,resell,,,high,low,5,,,,29/09/2026 00:24
112f1c99-2174-4013-bb61-fcfb2e1eae0b,investments.cn,resell,,,medium,low,11,Dynadot Inc,,,28/09/2026 05:50
d2b691cd-d782-4a6d-afa0-10e53ce008d6,naval.cn,resell,,,medium,low,5,北京国旭网络科技有限公司,,,26/09/2026 07:43
19713a5a-c3cf-47a5-b004-4e64ce6e1e39,mind.cn,resell,,,high,medium,4,阿里云计算有限公司（万网）,,,26/09/2026 07:33
8cd5a9d7-0bff-464a-ba3e-1283c88206e6,refers.cn,available,5.36,5.36,medium,low,6,dynadot,,,29/09/2026 10:13
3c93d57a-4944-4a97-8b96-0019c71bdc1d,way.cn,resell,,,high,low,3,阿里云计算有限公司（万网）,,,27/09/2026 15:08
f5c57c5b-f320-41fd-9cfa-aa8e9d20c39b,beans.cn,resell,,,high,low,5,Dynadot Inc,,,26/09/2026 04:19
193fb5ce-ee14-43f0-8c02-4856f87dbb64,marks.cn,resell,,,high,low,5,阿里云计算有限公司（万网）,,,29/09/2026 19:25
4a96f590-508f-497a-817a-7265fa6d1408,specter.cn,resell,,,high,low,7,浙江贰贰网络有限公司,,,26/09/2026 09:12
2e325880-7474-4dc1-a945-ecb104344f43,temptation.cn,resell,,,high,low,10,,,,28/09/2026 09:41
9d7a7c78-e4c0-449f-a63a-23dfc350c828,shades.cn,resell,,,high,low,6,,,,28/09/2026 18:53
cc5a54e6-783d-427d-a478-58b4023cb347,alphonse.cn,available,5.36,5.36,medium,low,8,dynadot,,,28/09/2026 21:53
95972b9c-a167-4b48-9f22-a3cee59db87a,moderation.cn,resell,,,high,low,10,阿里云计算有限公司（万网）,,,29/09/2026 17:29
b4e4baf0-ce5f-4550-b788-7c7dcebbba8b,perugia.cn,available,5.36,5.36,medium,low,7,dynadot,,,29/09/2026 21:46
c5853426-1797-4871-8193-80516435caae,macaulay.cn,available,5.36,5.36,medium,low,8,dynadot,,,28/09/2026 14:12
b2456823-49aa-4146-b342-af6bbd6ca39e,indorse.cn,resell,,,medium,low,7,阿里云计算有限公司（万网）,,,26/09/2026 06:51
3bdd964d-21ea-4744-8850-5cf9efe8505d,franchise.cn,resell,,,high,low,9,Dynadot Inc,,,26/09/2026 06:14
dd4a0684-4cff-42f8-bc71-1bf98b9ef321,shook.cn,resell,,,medium,low,5,,,,28/09/2026 20:26
b7741b8a-4ec0-491a-9c4a-913516cfab3c,plaintiff.cn,available,5.36,5.36,medium,low,9,dynadot,,,29/09/2026 11:57
4458cd90-34b5-44ad-9154-34ebe8eda5c3,counter.cn,resell,,,high,low,7,厦门易名科技股份有限公司,,,29/09/2026 05:50
228fb249-2d18-4cf6-8506-ec488ab4c1a9,manipulated.cn,available,5.36,5.36,medium,low,11,dynadot,,,29/09/2026 16:09
48affdec-7fe5-4276-af61-2751ed9b46d9,communists.cn,available,5.36,5.36,low,low,10,dynadot,,,28/09/2026 13:10
cc28b303-de0f-4803-8a0c-1139f3d82376,neilson.cn,available,5.36,5.36,medium,low,7,dynadot,,,29/09/2026 22:20
8f6a0ab4-2812-48a0-8651-f853645d72bc,flyers.cn,resell,,,medium,low,6,,,,29/09/2026 16:42
0bbb8dbc-82f8-432a-beed-3378bfbe1ecc,incorporated.cn,resell,,,high,low,12,,,,28/09/2026 22:28
58398f27-36d4-49da-8d32-01aaacabb877,suit.cn,resell,,,high,low,4,Dynadot Inc,,,26/09/2026 09:23
88756a4d-6bb7-4c2a-a9a1-3405f3b2b770,indefinitely.cn,available,5.36,5.36,medium,low,12,dynadot,,,28/09/2026 22:50
9bbacbc9-4f94-4a04-967f-c11503f9986a,industrial.cn,resell,,,high,low,10,Dynadot Inc,,,26/09/2026 06:51
d1aba4b0-2bcf-4f1a-9be0-b35ab189fd9a,chunky.cn,resell,,,high,low,6,厦门市中资源网络服务有限公司,,,26/09/2026 04:56
e41511c8-5d79-4267-b827-da7174fb99a5,early.cn,resell,,,high,low,5,Namescout.com,,,26/09/2026 05:44
64de6894-aa13-4c2e-bcd1-f8f02c2dfd4d,weekends.cn,resell,,,medium,low,8,浙江贰贰网络有限公司,,,26/09/2026 10:06
657944b5-86c2-4849-9de1-8d3aa7660a5d,reinforcement.cn,resell,,,medium,low,13,,,,29/09/2026 22:51
4a727dc4-4809-4faa-9cb1-e92c1c362221,retreat.cn,resell,,,high,low,7,Dynadot Inc,,,29/09/2026 11:58
df5eefa8-a1b3-44cd-8edb-ee99bfb29572,therapist.cn,resell,,,high,low,9,,,,28/09/2026 02:06
82081305-0f79-4c1d-a276-ce579cac1fd1,clips.cn,resell,,,medium,low,5,,,,28/09/2026 23:13
eb486cbf-8a52-4290-aebc-3ef83bb6c2aa,warranty.cn,resell,,,high,low,8,Dynadot Inc,,,29/09/2026 21:39
a9efb02e-70cb-4be2-8cbd-652e4689e584,bonkers.cn,resell,,,medium,low,7,阿里云计算有限公司（万网）,,,26/09/2026 04:32
9a89a6d9-f3ea-4e0d-b66e-0ec56ef26de6,placement.cn,resell,,,high,low,9,Dynadot Inc,,,26/09/2026 08:11
42a65e25-4fb4-4d5f-8d00-2e3fc6915a74,flyer.cn,resell,,,high,low,5,Dynadot Inc,,,26/09/2026 06:10
5af0735b-40f5-4bd0-96af-26379a1fb45b,specialist.cn,resell,,,high,low,10,,,,28/09/2026 02:23
d95f0be9-3124-4af4-816c-748baf935868,intestine.cn,available,5.36,5.36,medium,low,9,dynadot,,,29/09/2026 18:03
52b02229-c550-4e0c-a905-cf404e78c2da,threads.cn,resell,,,high,low,7,阿里云计算有限公司（万网）,,,26/09/2026 09:36
76044575-146b-4dcc-ad23-e87be02dadff,cardboard.cn,resell,,,high,low,9,WEST263 INTERNATIONAL LIMITED,,,26/09/2026 04:46
c4d94cc5-36b6-4e0d-a322-0d8929cc72f6,realities.cn,resell,,,medium,low,9,,,,29/09/2026 17:45
a85260ac-0895-4b19-8be8-79ac441b08a3,benefits.cn,resell,,,medium,low,8,,,,27/09/2026 23:08
c6315cf1-0bc5-4978-9f2c-ee69654a18b3,determination.cn,resell,,,high,low,13,腾讯云计算（北京）有限责任公司,,,26/09/2026 05:31
6a6662c6-052e-4995-b68a-d131e221ec49,cottage.cn,resell,,,high,low,7,Dynadot Inc,,,26/09/2026 05:16
b8b7b9ef-76a5-4bee-9210-f5cd615ae718,photographers.cn,resell,,,medium,low,13,Dynadot Inc,,,26/09/2026 08:08
8ab13a02-5d99-439b-94ee-58a16105ad22,elevated.cn,resell,,,high,low,8,厦门市中资源网络服务有限公司,,,26/09/2026 05:47
9b9cfa66-d1e3-4c92-8941-f0e7b60e2bc2,surrogate.cn,resell,,,high,low,9,腾讯云计算（北京）有限责任公司,,,26/09/2026 09:26
881a7b3c-677a-4adf-af8c-32aa8f035f9c,hillsboro.cn,available,5.36,5.36,medium,low,9,dynadot,,,29/09/2026 04:37
85ce5394-b786-402e-ac8a-4b4d97924ad1,stain.cn,resell,,,medium,low,5,Dynadot Inc,,,26/09/2026 09:15
53877598-2f4c-4a73-899a-50c64c8c5c23,takahashi.cn,resell,,,medium,low,9,,,,28/09/2026 16:36
9a896a16-95ac-4045-8b79-8b697c06586d,distributions.cn,resell,,,low,low,13,阿里云计算有限公司（万网）,,,26/09/2026 05:36
37e5f845-5db0-4063-b354-5f1d82e7e993,nobility.cn,resell,,,high,low,8,浙江贰贰网络有限公司,,,26/09/2026 07:47
769e6173-c17b-43a3-a63f-cdea8e2c75fb,border.cn,resell,,,high,low,6,Dynadot Inc,,,26/09/2026 04:33
9f2da0e8-e1b3-4111-b949-a2825e3a2c92,anglosaxon.cn,available,5.36,5.36,medium,low,11,dynadot,,,29/09/2026 02:54
5ef64004-9804-40b5-a957-f64596dc89e6,passaic.cn,available,5.36,5.36,medium,low,7,dynadot,,,28/09/2026 16:45
d4fd4783-b475-4864-ba37-d7c746fc5818,proficient.cn,resell,,,high,low,10,浙江贰贰网络有限公司,,,26/09/2026 08:21
ad0b536e-0d96-41a4-ada4-226d2df9572f,futuristic.cn,resell,,,high,low,10,阿里云计算有限公司（万网）,,,26/09/2026 06:18
5f0293f9-6767-4f60-8359-02aeb4edbaf0,ligands.cn,available,5.36,5.36,low,low,7,dynadot,,,28/09/2026 00:44
cead15a5-23c6-4f1d-a659-8012104a3e12,psychiatric.cn,available,5.36,5.36,medium,low,11,dynadot,,,28/09/2026 15:58
67e655d6-bbe6-4bb0-9781-9e7b5ef120b7,leadership.cn,resell,,,high,low,10,Dynadot Inc,,,26/09/2026 07:10
bbd2cef3-7482-46ea-a766-d64f6babc91e,danvers.cn,available,5.36,5.36,medium,low,7,dynadot,,,29/09/2026 22:33
376005c0-669c-4da8-9423-7553ad035605,novgorod.cn,available,5.36,5.36,medium,low,8,dynadot,,,28/09/2026 10:35
82f12f74-ddec-4f9e-bfc0-efc63c729b1f,addressing.cn,available,5.36,5.36,medium,low,10,dynadot,,,29/09/2026 10:51
c72df0f7-937e-4d51-b841-291989ab32cb,varsity.cn,resell,,,high,medium,7,,,,30/09/2026 01:38
1c46d1eb-ebcb-4a44-a543-41ed75bcbcca,sweep.cn,resell,,,high,low,5,Dynadot Inc,,,26/09/2026 09:27
86301e29-8957-43ed-b386-409374ddd625,australasia.cn,available,5.36,5.36,medium,low,11,dynadot,,,28/09/2026 21:52
c2101a42-8eb1-4e67-926a-8eed5acc6960,sheets.cn,resell,,,medium,low,6,成都垦派科技有限公司,,,27/09/2026 02:20
869f0252-e919-4455-a067-3b35eeee1faa,juicy.cn,resell,,,high,low,5,Dynadot Inc,,,26/09/2026 07:02
2ebf9732-df0c-41fc-a628-202ce2bd34ef,hopefully.cn,available,5.36,5.36,high,low,9,dynadot,,,28/09/2026 15:15
59e62558-3395-47c5-aff9-3da4074f92a5,realized.cn,resell,,,high,low,8,阿里云计算有限公司（万网）,,,26/09/2026 08:31
a545028e-9652-4a98-8073-5edcd6e0b000,cabins.cn,resell,,,medium,low,6,Dynadot Inc,,,26/09/2026 04:42
dcbafbeb-ce1e-41ce-92d9-48526f4f4acf,trumpcare.cn,available,,,low,low,10,,,,
a498be21-0fd5-4031-98e2-cc0bffca59c7,lothian.cn,available,5.36,5.36,medium,low,7,dynadot,,,30/09/2026 00:22
908d4562-d8cc-49ea-90e7-9562e98a1f36,wears.cn,resell,,,medium,low,5,北京新网数码信息技术有限公司,,,26/09/2026 10:05
90efdfaf-ff9a-4a2e-a496-f756da6a75db,goody.cn,resell,,,high,low,5,Dynadot Inc,,,26/09/2026 06:27
14b62513-e339-45c2-884a-d10302d27922,artists.cn,resell,,,medium,low,7,,,,28/09/2026 00:02
e695482b-18f5-47bd-a9d5-40f5ed296dcc,hauled.cn,available,5.36,5.36,medium,low,6,dynadot,,,30/09/2026 00:24
7f8488fb-856b-43a4-bed5-282f4e63e042,amateurs.cn,resell,,,medium,low,8,,,,29/09/2026 00:10
4552ff77-1528-4ab9-920b-b951fe9d47d3,bicycling.cn,resell,,,medium,low,9,Dynadot Inc,,,26/09/2026 04:24
4f31e1c0-a5db-47d7-83e4-0b156ac76d7d,ranked.cn,resell,,,high,low,6,阿里云计算有限公司（万网）,,,26/09/2026 08:29
823816c1-7c16-416c-9a09-94d1fb36f93d,answers.cn,resell,,,medium,low,7,Dynadot Inc,,,26/09/2026 03:54
cef842da-b91f-4f74-8fa1-22adba706801,celebration.cn,resell,,,high,low,11,Dynadot Inc,,,27/09/2026 02:20
da15d04b-11ab-4499-83c4-3b8c95a790f1,sovereign.cn,resell,,,high,medium,9,阿里云计算有限公司（万网）,,,26/09/2026 09:10
f51b4c8a-ed2d-4508-a024-e0e779660d47,jammu.cn,available,5.36,5.36,medium,low,5,dynadot,,,29/09/2026 15:33
a60cf440-7300-463c-a397-8d4515262399,bidens.cn,available,5.36,5.36,medium,low,6,dynadot,,,29/09/2026 02:29
7224c4b5-6ccf-48f5-9c55-d2829ad62ca1,squawk.cn,resell,,,high,low,6,阿里云计算有限公司（万网）,,,26/09/2026 09:14
136dc0db-7e9a-4fc7-bc52-561861e16dda,spellbound.cn,resell,,,high,low,10,成都西维数码科技有限公司,,,26/09/2026 09:12
cbb4a2ca-e4c4-4d08-af3f-fffbd022c21e,pact.cn,resell,,,high,low,4,,,,28/09/2026 06:32
9ab708aa-a7b6-49ab-ac58-2e908b5feb62,scope.cn,resell,,,high,low,5,Dynadot Inc,,,26/09/2026 08:51
c9c204da-2899-4759-b206-f5fcd90fdd7b,albums.cn,resell,,,medium,low,6,,,,29/09/2026 05:39
280b6752-7b63-400d-a09a-9386ca7a7fb8,witches.cn,available,5.36,5.36,medium,low,7,dynadot,,,27/09/2026 11:53
57773e85-0aac-430c-ad01-b72a650acfff,keno.cn,resell,,,high,low,4,Dynadot Inc,,,26/09/2026 07:04
d129c9c3-7580-4f08-b8d3-10afb7b212de,molly.cn,resell,,,high,low,5,,,,28/09/2026 14:53
625554e5-9b1e-4b1a-94e7-b16865b0607e,facies.cn,available,5.36,5.36,medium,low,6,dynadot,,,29/09/2026 04:47
50a78799-6341-4671-9e16-a97636b2b268,batiste.cn,resell,,,medium,low,7,浙江贰贰网络有限公司,,,26/09/2026 04:17
5f645d97-bbe3-45b6-a38a-235a67647627,traditional.cn,resell,,,high,low,11,,,,27/09/2026 16:56
09a43871-60b9-4a3f-a4bd-1d93549c6416,seated.cn,available,5.36,5.36,high,low,6,dynadot,,,27/09/2026 19:11
29373dc9-d0c1-4f1e-b198-f71d8bd4da3b,mediate.cn,resell,,,high,low,7,Dynadot Inc,,,26/09/2026 07:29
bb0c473a-b38e-47aa-b93d-ced0333ff767,nutrient.cn,resell,,,high,low,8,Dynadot Inc,,,26/09/2026 07:50
e56ef70e-6e7d-4bc7-b6a9-2b1d21504cd6,nlrb.cn,available,5.36,5.36,medium,low,4,dynadot,,,29/09/2026 13:32
0e0ef123-722f-4206-af3f-fb01cb1fc3cd,martini.cn,resell,,,high,low,7,,,,28/09/2026 14:50
db03521e-12ff-4bf1-a496-a2b3a5a51727,schenectady.cn,available,5.36,5.36,medium,low,11,dynadot,,,28/09/2026 12:25
6e87188b-bbe0-420d-85db-c642ef7a733d,atkinson.cn,resell,,,high,low,8,阿里云计算有限公司（万网）,,,26/09/2026 04:06
e05726b7-023b-416f-a361-3dc226050333,brochure.cn,resell,,,high,low,8,Dynadot Inc,,,26/09/2026 04:38
d0bbfa57-f6ce-4245-a146-c73ef547f48a,climax.cn,resell,,,high,low,6,Dynadot Inc,,,26/09/2026 04:59
b7986a60-2ee5-4736-9485-5e63061096c2,consolation.cn,available,5.36,5.36,high,low,11,dynadot,,,28/09/2026 22:58
375219fd-70de-4169-94d8-7014b9ea7702,surveys.cn,resell,,,medium,low,7,Dynadot Inc,,,26/09/2026 09:26
23f16e0b-0738-48a5-bb4f-4bffe8bcae1a,appraisal.cn,resell,,,high,low,9,Dynadot Inc,,,26/09/2026 03:56
6988f408-acca-496c-ba31-e2eefc8fa7d9,noticing.cn,available,5.36,5.36,high,low,8,dynadot,,,29/09/2026 08:45
183ace73-29ec-469f-8143-f91687d24c19,frozen.cn,resell,,,high,low,6,Dynadot Inc,,,26/09/2026 06:16
b3a75fd3-2499-4515-b165-796c265985fa,escorted.cn,available,5.36,5.36,medium,low,8,dynadot,,,29/09/2026 17:28
b85b1fc4-ce48-4d1c-bddb-9818be0f0c3f,locations.cn,resell,,,medium,low,9,,,,28/09/2026 17:11
ecc78255-50e1-45d5-874a-d74dcb25bfdf,seattle.cn,resell,,,high,low,7,Dynadot Inc,,,26/09/2026 08:53
97d3576c-bc9c-467d-a9e3-abfc589cd16f,smells.cn,available,5.36,5.36,low,low,6,dynadot,,,28/09/2026 08:33
84bbe436-77f2-411b-8e74-25e3c7a91e96,trendy.cn,resell,,,high,low,6,Dynadot Inc,,,26/09/2026 09:45
826851f7-9c97-4f4a-95f6-5e76ce9c8b92,comely.cn,resell,,,medium,low,6,浙江贰贰网络有限公司,,,26/09/2026 05:08
74cda192-b3f7-4cc7-bd77-e6f48ec6997e,rommel.cn,available,9.99,9.99,medium,low,6,godaddy,,,30/09/2026 01:19
089b563b-a838-4558-b53e-ffac988f3673,listing.cn,resell,,,high,low,7,,,,29/09/2026 01:23
0b38d00e-b08c-49fd-8322-3b940d29530b,nebulous.cn,resell,,,medium,low,8,北京东方网景信息科技有限公司,,,26/09/2026 07:44
46ef202b-c4f8-4101-a488-270978e29368,allergy.cn,resell,,,high,low,7,Dynadot Inc,,,28/09/2026 20:29
7f95093a-d33f-4430-bf05-a60dd37b08a6,gymnastic.cn,resell,,,high,low,9,WEST263 INTERNATIONAL LIMITED,,,26/09/2026 06:32
ae2b703c-1c22-467a-8fb4-6978dbd83daa,biscuit.cn,resell,,,high,low,7,Dynadot Inc,,,26/09/2026 04:26
8e7c7c28-85fb-4c70-a282-1bbe10dbab21,grudge.cn,available,5.36,5.36,medium,low,6,dynadot,,,29/09/2026 19:05
a528ce5b-57f9-4dba-96ed-476f2f2c48d3,sneaking.cn,available,5.36,5.36,medium,low,8,dynadot,,,29/09/2026 14:54
80e4e390-8e5d-49fa-8307-699500f4b42f,shade.cn,resell,,,high,low,5,,,,28/09/2026 02:00
54449557-4d32-4735-a9e6-0c1946b0449b,lubbock.cn,available,5.36,5.36,high,low,7,dynadot,,,28/09/2026 10:18
f15b6421-fa41-4d9a-a40d-576adb75700c,detective.cn,resell,,,high,low,9,Dynadot Inc,,,29/09/2026 14:16
b83e2dc8-636c-4774-90b7-f666bba22436,limitations.cn,available,5.36,5.36,low,low,11,dynadot,,,29/09/2026 10:21
99bced94-b211-4949-b97e-e85497a3399b,letters.cn,resell,,,high,low,7,Dynadot Inc,,,26/09/2026 07:12
b6c85b6a-e999-49fe-a714-5b74c407f73d,caramel.cn,resell,,,high,low,7,Dynadot Inc,,,26/09/2026 04:46
042b33d0-9d52-437d-be14-9182208da182,mere.cn,resell,,,high,low,4,阿里云计算有限公司（万网）,,,26/09/2026 07:31
90f70df6-15f5-47c0-b7dc-0a7400e8d0b7,printable.cn,resell,,,high,low,9,成都垦派科技有限公司,,,27/09/2026 05:59
c01b5e88-3d72-4799-ad23-76db21d6a9f0,androgyny.cn,resell,,,medium,low,9,阿里云计算有限公司（万网）,,,26/09/2026 03:52
9c7686e9-f541-42d6-8ccc-65145a785301,canoe.cn,resell,,,high,low,5,Dynadot Inc,,,29/09/2026 06:41
27dd3c85-e91d-4900-b6f7-0508f5fd3a96,morristown.cn,available,5.36,5.36,medium,low,10,dynadot,,,29/09/2026 01:41
64e319a2-f7c6-440b-a77d-35ca73674132,syndrome.cn,resell,,,medium,low,8,阿里云计算有限公司（万网）,,,26/09/2026 09:28
08818849-dcbe-455b-af2e-e81a034e8bd1,shoppers.cn,resell,,,high,low,8,Dynadot Inc,,,26/09/2026 08:59
5608b554-3e5a-4fb3-b393-14eb4fec9701,wilderness.cn,resell,,,high,low,10,,,,28/09/2026 15:33
d0f4df4d-2349-4144-a53e-c5438958d823,well.cn,resell,,,high,low,4,厦门易名科技股份有限公司,,,26/09/2026 10:07
6b9e590d-55c9-4bc3-b1e4-ea1b06d164a1,supposedly.cn,available,5.36,5.36,medium,low,10,dynadot,,,28/09/2026 16:34
eca78a54-054c-42fb-9211-299aa93e15ce,moscow.cn,resell,,,high,low,6,广州云讯信息科技有限公司,,,29/09/2026 07:06
f13b9599-7780-44ee-9a12-86cfed6ade1e,heavier.cn,available,5.36,5.36,low,low,7,dynadot,,,29/09/2026 04:51
6bd4299d-bc93-4ad2-b3f1-21499f060e10,rae.cn,resell,,,high,low,3,阿里云计算有限公司（万网）,,,27/09/2026 01:43
b5caa87c-e2cd-453f-8bc6-18fd17066c6c,mono.cn,resell,,,high,medium,4,阿里云计算有限公司（万网）,,,26/09/2026 07:37
ccd6bcfe-0da9-4fad-8c61-66012acd3605,lantern.cn,resell,,,high,low,7,,,,28/09/2026 14:40
c590b658-eb1d-4210-bd80-454cb7fc9aa5,tropical.cn,resell,,,high,low,8,Dynadot Inc,,,26/09/2026 09:46
19965458-10cd-481f-b84a-22bd7ade9326,painter.cn,resell,,,high,low,7,,,,27/09/2026 12:44
6a9e7616-d956-4191-810d-083f40ecffd7,dougherty.cn,available,5.36,5.36,medium,low,9,dynadot,,,28/09/2026 23:48
7a20c339-aa88-429a-812f-cd8bbfc67af3,pomerania.cn,available,5.36,5.36,medium,low,9,dynadot,,,29/09/2026 09:31
b91372f5-3a0b-4750-9858-a805e6ba82d5,embracing.cn,available,5.36,5.36,high,low,9,dynadot,,,29/09/2026 18:00
13543ebf-5653-4cff-82d1-0397216e4fc5,legs.cn,resell,,,high,low,4,Dynadot Inc,,,26/09/2026 07:12
b9c92924-fbc2-4366-8c2a-347282f77889,wondering.cn,resell,,,high,low,9,,,,28/09/2026 03:23
69afca6a-1b87-474d-b1c7-49b9b3a7b102,nicholson.cn,resell,,,medium,low,9,阿里云计算有限公司（万网）,,,26/09/2026 07:46
ae074568-0160-4d6e-b4e7-243d9c548c8b,hendricks.cn,resell,,,medium,low,9,,,,28/09/2026 08:45
47895625-0e6d-4974-96ab-ce8a6c8eec72,spots.cn,resell,,,high,low,5,Dynadot Inc,,,27/09/2026 04:00
86ccff79-7ab3-4aeb-9774-fa2955d57da9,interviews.cn,resell,,,medium,low,10,,,,28/09/2026 09:06
fe2efa9f-67ee-49da-a02a-7f266e9a4b81,insisted.cn,available,5.36,5.36,medium,low,8,dynadot,,,27/09/2026 23:35
2a0773a4-359e-49da-b87f-38034a6ca913,titanium.cn,resell,,,high,low,8,Dynadot Inc,,,26/09/2026 09:39
e5975264-f42a-48b3-8677-6ea3192fd4b0,aida.cn,resell,,,high,low,4,,,,29/09/2026 22:17
69e93b46-eace-4c7e-a875-14b5bf0bb621,preparations.cn,available,5.36,5.36,low,low,12,dynadot,,,29/09/2026 05:22
6ff1a735-dbcd-467b-8123-b180a4d20924,mates.cn,resell,,,high,low,5,,,,28/09/2026 10:21
354bd92b-ce35-4f43-b6a2-45938a453344,muskegon.cn,available,5.36,5.36,medium,low,8,dynadot,,,29/09/2026 10:06
ee24dba4-011d-481c-ab22-c75383f19ca8,breaks.cn,resell,,,medium,low,6,腾讯云计算（北京）有限责任公司,,,26/09/2026 04:36
fad12370-4d67-4439-bd84-812c6d63719f,cooked.cn,resell,,,high,low,6,成都垦派科技有限公司,,,26/09/2026 05:14
66ff2acb-5227-4568-b26e-4a3f74bf5fe1,engagement.cn,resell,,,high,low,10,Dynadot Inc,,,26/09/2026 05:50
72551f6b-88ba-43b2-9a50-8d33d0ea67f5,secure.cn,resell,,,high,medium,6,Dynadot Inc,,,28/09/2026 05:39
d0fffdc0-2dd3-44bf-a4b4-374c183d62f0,denying.cn,available,5.36,5.36,medium,low,7,dynadot,,,28/09/2026 11:30
833cf3d7-b651-4117-b4ff-c1c5a80bba40,relational.cn,resell,,,medium,low,10,北京网尊科技有限公司,,,26/09/2026 08:34
45f90f66-32ba-47a6-89b1-25ee1871e23f,petra.cn,resell,,,high,low,5,,,,28/09/2026 11:54
62c0eee2-a4c3-4d0b-9dda-2c4948524bd2,checks.cn,resell,,,medium,low,6,Dynadot Inc,,,26/09/2026 04:53
c31a058a-446f-46b5-aec0-bc5cbc7e943f,bagley.cn,available,5.36,5.36,medium,low,6,dynadot,,,29/09/2026 22:22
b8300063-018a-40fc-ade0-7ee151181265,salad.cn,resell,,,high,low,5,Dynadot Inc,,,26/09/2026 08:47
ee451af1-ff7a-4472-a147-491864b81a44,emeritus.cn,resell,,,medium,low,8,阿里云计算有限公司（万网）,,,26/09/2026 05:48
0bb2bdfb-10fe-42c1-bc9b-7cfa45712f26,chickens.cn,resell,,,medium,low,8,,,,27/09/2026 22:56
b6830438-0285-4cec-8674-676ed2412dda,catholicism.cn,available,,,high,low,11,,,,
9f541bdd-64ad-4b58-8f9a-8faea489d744,copies.cn,resell,,,medium,low,6,,,,27/09/2026 09:16
a9a1d8fe-7fc1-4f29-b24b-50ac95612476,approximate.cn,available,5.36,5.36,high,low,11,dynadot,,,29/09/2026 08:31
bd45b46d-1738-4dc8-b7d7-ea94e2b2a09b,blender.cn,resell,,,high,low,7,Dynadot Inc,,,26/09/2026 04:29
b4806698-8f3a-44f9-b524-7e1a56cc8c40,lambeth.cn,available,5.36,5.36,medium,low,7,dynadot,,,29/09/2026 04:58
b771ee6b-e0da-4a2c-a5fd-0e3fb099e6b9,terraced.cn,available,5.36,5.36,medium,low,8,dynadot,,,29/09/2026 10:42
04dd9b3a-6835-487b-a0b6-96fe32a4f6c6,machinery.cn,resell,,,high,low,9,Dynadot Inc,,,28/09/2026 05:39
31ac64a3-6fe8-4ba8-a3eb-ff5e37729ad8,proposals.cn,resell,,,medium,low,9,,,,30/09/2026 00:25
a09e1e8d-1f90-4ebc-9b37-adde5074918c,shelf.cn,resell,,,high,low,5,Dynadot Inc,,,26/09/2026 08:58
c0c966e9-aafb-4ebf-b4d3-146442328850,contraction.cn,available,5.36,5.36,high,low,11,dynadot,,,29/09/2026 10:10
1f1d287c-8abe-46d5-aad8-0c11b8014673,banquet.cn,resell,,,high,low,7,Dynadot Inc,,,26/09/2026 04:15
937b200f-5c2c-4f04-a196-1115e1e02395,census.cn,resell,,,high,low,6,Dynadot Inc,,,26/09/2026 04:49
3f1bba41-2d04-46e4-9e4b-17b059da911e,driving.cn,resell,,,high,low,7,Dynadot Inc,,,26/09/2026 05:42
d9979897-9c14-44d7-8569-0bacc1b10166,finest.cn,resell,,,high,low,6,Dynadot Inc,,,26/09/2026 06:05
cbbb97b1-b2fd-4f5b-9413-438b10466b4e,kneeling.cn,available,5.36,5.36,medium,low,8,dynadot,,,29/09/2026 19:28
3ed21a08-9e8c-4656-9c3a-4f4057294090,instagrammable.cn,available,,,medium,low,14,,,,
560cdcbe-160e-4958-8355-6a5cdee6c0d2,cheerfully.cn,available,5.36,5.36,high,low,10,dynadot,,,28/09/2026 13:48
27c36524-fae9-4cf6-baf7-10c4bb3f42de,bets.cn,resell,,,high,low,4,Dynadot Inc,,,26/09/2026 04:23
36bd9854-1e38-43e6-bd9d-a387ebf82fc8,whittaker.cn,available,5.36,5.36,medium,low,9,dynadot,,,28/09/2026 16:41
d8948007-57f3-45ad-abfc-8b84b01e759f,sections.cn,available,5.36,5.36,medium,low,8,dynadot,,,29/09/2026 05:14
d1424c74-7585-45a8-8e5c-f64072be0db1,articles.cn,resell,,,high,low,8,,,,28/09/2026 04:25
2ebcbcbd-e412-422f-9aae-5223ca24c95e,technicians.cn,resell,,,medium,low,11,,,,30/09/2026 00:29
7aa3a412-538e-45d0-abf4-f0640f6d047a,convicted.cn,available,5.36,5.36,low,low,9,dynadot,,,27/09/2026 23:23
a28e31dd-4af2-4ff3-b5cf-8f4a01af2324,splay.cn,resell,,,medium,low,5,浙江贰贰网络有限公司,,,26/09/2026 09:13
8671e2d9-5c25-49d8-a71c-7d97824d2afd,whisky.cn,resell,,,high,low,6,,,,29/09/2026 08:20
fc19409b-f373-4a8d-aaa4-922f8de562a8,hottest.cn,resell,,,medium,low,7,,,,28/09/2026 13:20
10c229dc-eb0d-4542-ac47-f586adc2be2e,vase.cn,resell,,,high,low,4,,,,28/09/2026 11:03
6a610628-6061-4934-a942-4844d18a67ea,transferred.cn,available,5.36,5.36,medium,low,11,dynadot,,,27/09/2026 22:38
bfa5b9ed-b8e6-470f-8bc6-f58169556fe6,swearing.cn,available,5.37,5.37,medium,low,8,dynadot,,,30/09/2026 01:12
38dbeebb-0f44-4f32-8dfe-7a3d58b2b3d9,beginnings.cn,resell,,,medium,low,10,,,,30/09/2026 00:17
3c3201fd-2d05-4350-aa77-66d5e23acaa2,separating.cn,available,5.36,5.36,high,low,10,dynadot,,,29/09/2026 08:48
7ddd3169-d369-4008-a613-fa92ef446ea9,complaints.cn,resell,,,low,low,10,腾讯云计算（北京）有限责任公司,,,26/09/2026 05:09
36b857dc-8291-49d1-a9cb-29b9c4610a84,chronic.cn,resell,,,high,low,7,WEST263 INTERNATIONAL LIMITED,,,26/09/2026 04:56
d20134e1-ea63-4b32-8d40-456a3381eaee,alonso.cn,resell,,,medium,low,6,阿里云计算有限公司（万网）,,,26/09/2026 03:48
e15c9a99-7cf5-4b5c-80c8-73ea103cb702,contemporary.cn,resell,,,high,low,12,,,,28/09/2026 15:37
9af0cb28-dda7-4212-a8e3-a7eceabe19a8,windsock.cn,resell,,,medium,low,8,"GoDaddy.com,LLC",,,26/09/2026 10:10
610e13e5-dc3c-473b-bd64-4c9b1cbde25e,casimir.cn,resell,,,medium,low,7,,,,29/09/2026 03:56
0e5eeec2-72a4-4f86-b3ea-e2da0dc1f865,courageous.cn,resell,,,high,low,10,厦门市中资源网络服务有限公司,,,26/09/2026 05:17
0c0b452d-5bf8-465e-95de-280b18137376,broadway.cn,resell,,,high,low,8,Dynadot Inc,,,26/09/2026 04:37
4dc13ac2-ae6d-40a3-84e7-4d8540a5ac73,researcher.cn,resell,,,high,low,10,,,,28/09/2026 02:34
f04c103c-39c9-4c09-b6fb-a6d8f0b7109e,amines.cn,available,5.36,5.36,low,low,6,dynadot,,,29/09/2026 11:37
c06ef9bd-e233-4d4d-8b32-f0f10279d1df,synthase.cn,available,5.36,5.36,medium,low,8,dynadot,,,28/09/2026 16:05
f98aa941-a7c6-421f-be21-8b2186f0b1cf,knitting.cn,resell,,,high,low,8,,,,29/09/2026 01:31
e221621e-4ed9-405b-ba4c-b684fc1fdc10,williamsport.cn,available,5.36,5.36,medium,low,12,dynadot,,,29/09/2026 15:53
a5dc50e4-c4b7-4e47-a89e-5d9d3e5c3f71,martyr.cn,available,5.36,5.36,medium,low,6,dynadot,,,29/09/2026 13:23
4a263743-e17c-44ae-ab99-215a26843cd6,constructed.cn,available,5.36,5.36,medium,low,11,dynadot,,,29/09/2026 16:21
e881ba21-b0d4-4f32-9c46-170160040a08,suites.cn,resell,,,medium,low,6,,,,29/09/2026 17:41
4b54a557-58d7-44a5-b807-f5b8a7fadf5b,brake.cn,resell,,,medium,low,5,Dynadot Inc,,,26/09/2026 04:35
6c1b425d-e07e-4aa7-861e-2c86dd123974,patron.cn,resell,,,high,low,6,,,,28/09/2026 14:14
f8d6a834-03be-4813-bd43-099121742511,karel.cn,resell,,,high,low,5,,,,29/09/2026 09:01
10752a1d-39d6-4056-8af5-bc368e70c456,stockholm.cn,resell,,,high,low,9,Domain Registration Services,,,29/09/2026 07:01
8eea83eb-a9b8-42c7-b5e3-5cfd7189ac43,contacted.cn,available,5.36,5.36,medium,low,9,dynadot,,,28/09/2026 00:26
53187ff6-b55b-4136-8a00-d6eb95956b6b,diver.cn,resell,,,high,low,5,,,,29/09/2026 00:40
5ddc1fec-8356-4fa1-83df-b3d40b6cba71,unlimited.cn,resell,,,high,low,9,Dynadot Inc,,,26/09/2026 09:52
a7702507-1063-4c44-b8b1-3ee67a8e615f,folks.cn,resell,,,high,low,5,深圳英迈思信息技术有限公司,,,26/09/2026 06:11
6f0ffb3f-5fb1-458d-95ad-dd60f69cf03d,sauce.cn,resell,,,high,low,5,Dynadot Inc,,,26/09/2026 08:49
516b2d6d-c141-4663-80da-81d675d6d17c,supportive.cn,available,9.99,9.99,high,low,10,godaddy,,,28/09/2026 02:03
63472dad-e354-405f-b479-61a0fee49b35,totaled.cn,available,5.36,5.36,medium,low,7,dynadot,,,28/09/2026 09:24
3f1513f3-57bc-4400-a4c7-646704dc2461,matched.cn,resell,,,high,low,7,厦门市中资源网络服务有限公司,,,26/09/2026 07:27
5c6164b0-2f54-469b-99e2-d3d362c4a633,isomorphic.cn,resell,,,medium,low,10,阿里云计算有限公司（万网）,,,26/09/2026 06:58
fe9f6a38-b22f-4d76-99ad-e5187dae63c3,sandals.cn,resell,,,medium,low,7,Dynadot Inc,,,26/09/2026 08:48
de261cb4-d7e3-479e-9d7c-df5e11c923fc,cincinnati.cn,available,5.36,5.36,high,low,10,dynadot,,,29/09/2026 09:12
babb4366-f163-4deb-ad60-b796cebe641e,fare.cn,resell,,,high,low,4,,,,28/09/2026 05:41
c20e6c71-8881-4db3-9ff6-f92f74f36128,forbidden.cn,resell,,,medium,low,9,Dynadot Inc,,,26/09/2026 06:11
71c76b01-4964-4b3d-acd0-e16ba6b878fa,leaking.cn,available,5.36,5.36,medium,low,7,dynadot,,,29/09/2026 08:44
55c0ac2d-af05-4db0-a632-04503cc9fcc4,augustine.cn,resell,,,high,low,9,厦门易名科技股份有限公司,,,26/09/2026 04:08
7f4465a4-1fc6-4f00-bcea-d7578402f53f,sanchez.cn,resell,,,high,low,7,阿里云计算有限公司（万网）,,,26/09/2026 08:48
2015974c-5cbc-4b7a-b9aa-3829ef43fe8e,counsel.cn,resell,,,high,low,7,,,,28/09/2026 01:44
8504331e-e177-4171-a17b-3ccf084bd091,editing.cn,resell,,,high,low,7,,,,28/09/2026 13:57
0c0f28bf-0d26-4d88-8cc4-0609265904a3,rifle.cn,resell,,,high,low,5,Dynadot Inc,,,27/09/2026 04:01
19e8ade4-518e-44d0-bfd7-3a75a95f5eea,statement.cn,resell,,,high,low,9,Dynadot Inc,,,28/09/2026 05:17
6c4bffc5-19c5-4935-b684-462c0eabc6b5,caps.cn,resell,,,high,low,4,,,,28/09/2026 22:50
57c30509-dd08-4a0c-ae96-041b1ea4d7cd,sodium.cn,resell,,,high,low,6,Dynadot Inc,,,26/09/2026 09:08
23c90204-acf6-475e-8bcf-406c7a64309e,dancers.cn,resell,,,medium,low,7,Dynadot Inc,,,26/09/2026 05:24
a7f5c79e-1ad1-47fc-8bc4-25698d3dbb39,centered.cn,resell,,,high,low,8,阿里云计算有限公司（万网）,,,26/09/2026 04:50
da68d287-a103-4173-8398-f8e8e366507d,dishonesty.cn,available,5.36,5.36,medium,low,10,dynadot,,,29/09/2026 15:54
d8254c0a-a2de-4453-9c7f-096fbfc0e617,variation.cn,resell,,,high,low,9,腾讯云计算（北京）有限责任公司,,,26/09/2026 09:56
dbec596f-2c3d-4613-ab8f-138bc8d47e68,governments.cn,available,5.36,5.36,low,low,11,dynadot,,,28/09/2026 23:34
0d1ce646-9fb2-4694-9a95-da7d4671b0f7,predictive.cn,resell,,,high,medium,10,厦门市中资源网络服务有限公司,,,26/09/2026 08:17
3da1d1c5-f635-467a-9c82-eca2e94643c1,animating.cn,available,5.36,5.36,high,low,9,dynadot,,,29/09/2026 05:09
1a652d13-d7de-4500-8f39-f49633f0eb5c,noteworthy.cn,resell,,,high,low,10,厦门市中资源网络服务有限公司,,,26/09/2026 07:49
d34f9e13-be02-492d-9c17-44071392491d,volunteer.cn,resell,,,high,low,9,阿里云计算有限公司（万网）,,,26/09/2026 10:02
4e9f2cdd-911e-47ad-8881-fe4a4d6f8111,benefit.cn,resell,,,high,low,7,Dynadot Inc,,,26/09/2026 04:22
e10ce5df-937d-425f-a2b7-3a6cfb966f59,plaque.cn,available,5.36,5.36,high,low,6,dynadot,,,29/09/2026 01:38
9196ebd0-ba80-4053-b60e-013230b3a50c,prudent.cn,resell,,,high,low,7,Dynadot Inc,,,27/09/2026 07:54
64e172c6-2b77-4cd4-b1ec-e2bc5cef7a7e,vomiting.cn,available,5.36,5.36,medium,low,8,dynadot,,,29/09/2026 15:43
675222be-43cd-4101-8851-69f02135ca3b,ashamed.cn,available,5.36,5.36,medium,low,7,dynadot,,,27/09/2026 17:32
39bddeb4-fa62-4b4d-ba9f-3d8095f39931,packages.cn,resell,,,medium,low,8,Dynadot Inc,,,26/09/2026 07:59
a866069f-0ad5-4e04-a521-5528b3f37807,loneliness.cn,resell,,,medium,low,10,腾讯云计算（北京）有限责任公司,,,26/09/2026 07:18
02987990-a72f-4c2e-be52-4032f714dc5b,hiring.cn,resell,,,high,low,6,,,,28/09/2026 08:27
1f8d29c8-3865-489e-965b-e10d4d0830d4,sounding.cn,resell,,,high,low,8,阿里云计算有限公司（万网）,,,26/09/2026 09:10
18d250d6-943c-45c5-9087-91d18bafaaa3,pianos.cn,resell,,,medium,low,6,Dynadot Inc,,,26/09/2026 08:09
b49d6062-be34-41c6-9f55-8ce3a0a093f9,poorer.cn,available,5.36,5.36,low,low,6,dynadot,,,29/09/2026 23:56
2ff613be-1ce5-41c3-86d9-a0de606e8721,dug.cn,resell,,,high,low,3,,,,28/09/2026 05:32
321854c5-c058-44e2-a813-88e6e69b14e3,potts.cn,available,5.36,5.36,medium,low,5,dynadot,,,28/09/2026 04:13
b12e949a-43be-4c9a-9be7-d9f1da7e72be,tales.cn,resell,,,high,low,5,Dynadot Inc,,,26/09/2026 09:30
2bd323b7-4021-4b0d-9bb4-879149a2aa14,traded.cn,available,5.36,5.36,high,low,6,dynadot,,,29/09/2026 04:46
5202ff9d-87c2-4c14-9bb9-89036279c6d1,scientific.cn,resell,,,high,low,10,Dynadot Inc,,,28/09/2026 10:35
0bdab87a-670b-49fd-a97c-0cfcb555f239,amusing.cn,resell,,,high,low,7,厦门市中资源网络服务有限公司,,,26/09/2026 03:51
139ad04b-3f78-4b07-b79c-6d93bde486d2,divisions.cn,available,5.36,5.36,medium,low,9,dynadot,,,29/09/2026 04:40
20baa094-90ca-4e0d-af15-1f908d049438,chances.cn,resell,,,medium,low,7,Dynadot Inc,,,26/09/2026 04:51
af1fb4db-9254-4048-b2ff-61f9245a0bb8,brady.cn,resell,,,high,low,5,阿里云计算有限公司（万网）,,,26/09/2026 04:35
536d71d0-645f-40c2-a035-89f0de1b8173,rico.cn,resell,,,high,low,4,阿里云计算有限公司（万网）,,,26/09/2026 08:40
5fa39e76-15b9-418e-ae02-1c509b00eec9,veterinary.cn,resell,,,high,low,10,Dynadot Inc,,,26/09/2026 09:58
4c10a1d0-6cb6-43ca-9150-fb40fee75966,antibiotics.cn,resell,,,low,low,11,,,,28/09/2026 13:28
d1d389fe-1ed8-4444-9837-8523d9f33e89,stress.cn,resell,,,high,low,6,Dynadot Inc,,,28/09/2026 17:21
8d678ab5-285f-49e1-b07b-46b26559c863,decided.cn,resell,,,high,low,7,阿里云计算有限公司（万网）,,,26/09/2026 05:27
6b8988aa-44ff-4ed2-8313-b8c6149ea02d,detention.cn,available,5.36,5.36,medium,low,9,dynadot,,,27/09/2026 12:53
ded8a801-bb95-4688-bc42-7d049455f51e,jody.cn,available,,,high,low,4,,,,
b922b171-d97a-46bd-b67f-8f03dd6fbcf8,chromatic.cn,resell,,,high,low,9,阿里云计算有限公司（万网）,,,26/09/2026 04:56
0d3c3585-0a10-4b2d-9c1c-9fb6f484073e,leasing.cn,resell,,,high,low,7,Dynadot Inc,,,26/09/2026 07:11
d43d0102-a64a-4d6a-b452-be5cdbca7399,exposure.cn,resell,,,high,low,8,Dynadot Inc,,,26/09/2026 05:58
63193a3f-ae28-41d3-b14c-32f83e8c19a0,bounty.cn,resell,,,high,low,6,阿里巴巴云计算（北京）有限公司,,,26/09/2026 04:34
b43a0317-f758-4682-9e90-7580d6261942,scandal.cn,resell,,,medium,low,7,Dynadot Inc,,,26/09/2026 08:50
cc992e6e-6ca9-4d73-9276-7848e65aa7cf,endicott.cn,available,9.99,9.99,medium,low,8,godaddy,,,30/09/2026 01:32
4b840880-a10c-4d86-8161-3bfafdf58727,sack.cn,resell,,,high,low,4,Dynadot Inc,,,26/09/2026 08:46
fa9ac58b-7cbb-4d2f-aafd-ba3a3c9e4fa5,antalya.cn,resell,,,high,low,7,"GoDaddy.com,LLC",,,26/09/2026 03:54
5d1628c3-859b-427c-b846-85a3731b5b90,comprehension.cn,resell,,,medium,low,13,,,,29/09/2026 23:00
1cd5070c-f701-4376-888f-bbcd57949bc9,pistol.cn,resell,,,high,low,6,Dynadot Inc,,,27/09/2026 04:22
aedc26f2-8f1b-4751-a158-0bfa5bb5a526,items.cn,resell,,,medium,low,5,Dynadot Inc,,,28/09/2026 04:15
68c615e8-b6fa-40cf-8344-4b43fecf2d43,controversy.cn,available,5.36,5.36,medium,low,11,dynadot,,,29/09/2026 10:11
652d29be-d5c7-4153-8770-a824ca5acb5f,partnership.cn,resell,,,high,low,11,,,,28/09/2026 04:23
c55db43d-469d-4a4e-82ab-4f6343934591,brookhaven.cn,available,5.36,5.36,high,low,10,dynadot,,,29/09/2026 15:45
818edffd-d809-40dd-b6ca-72ec5c2a67f0,mayfield.cn,resell,,,high,low,8,,,,28/09/2026 12:21
46b3bfe5-f144-47dd-924e-8c1cc03ba7f9,lens.cn,resell,,,high,high,4,Dynadot Inc,,,29/09/2026 12:27
36675748-a502-4857-8e78-466c3b675635,falkland.cn,available,5.36,5.36,medium,low,8,dynadot,,,28/09/2026 12:09
406f8372-13c2-4aec-956b-8ea878d65cb1,capsule.cn,resell,,,high,low,7,Dynadot Inc,,,28/09/2026 05:53
cc711bdd-2b7f-4452-b5ae-20651571d75d,immune.cn,resell,,,high,low,6,Dynadot Inc,,,26/09/2026 06:49
fdf7a3b3-69a7-4066-8738-65c54c0f5609,archive.cn,resell,,,high,medium,7,Dynadot Inc,,,26/09/2026 03:58
7ed6353e-6795-4c03-af2a-2629766ca029,dixon.cn,resell,,,medium,low,5,阿里云计算有限公司（万网）,,,26/09/2026 05:37
712b9c2d-fe6a-48c1-bb4f-79e391dad801,council.cn,resell,,,high,low,7,Dynadot Inc,,,26/09/2026 05:16
aaff6790-cef1-42cd-bbbc-54d1426d8169,scores.cn,resell,,,high,low,6,Dynadot Inc,,,26/09/2026 08:51
f4846d1f-b0b1-4021-addc-c661ac7570a6,stopped.cn,available,5.36,5.36,high,low,7,dynadot,,,28/09/2026 01:05
9ba76516-db30-4188-aa79-c19ba2854a25,walk.cn,resell,,,high,low,4,Dynadot Inc,,,27/09/2026 02:47
68a425a8-3e03-4a96-92bf-ce537e946226,boast.cn,resell,,,high,low,5,广东互易网络知识产权有限公司,,,26/09/2026 04:31
ca963668-5632-4b14-92e4-721e39f9a787,candles.cn,resell,,,high,low,7,Dynadot Inc,,,26/09/2026 04:44
c1cae149-1303-4937-906f-067b3f777fe1,bombing.cn,available,5.36,5.36,medium,low,7,dynadot,,,27/09/2026 11:45
f54915e2-2507-4f9a-af8a-5ada7a916b5c,crystals.cn,resell,,,medium,low,8,,,,29/09/2026 04:45
4edcff03-56be-4644-9ccc-18dbe503c6e2,offenders.cn,available,5.36,5.36,low,low,9,dynadot,,,29/09/2026 05:55
834d50fe-1786-4c09-b55b-b8334e186ad7,nasser.cn,available,9.99,9.99,medium,low,6,godaddy,,,28/09/2026 01:58
2c790524-b430-4bd1-a147-3b479f431185,political.cn,resell,,,high,low,9,Dynadot Inc,,,27/09/2026 04:28
6f198b25-d294-4fe9-9be6-42e39edbd9d3,wyoming.cn,resell,,,high,low,7,,,,29/09/2026 06:48
a98b3013-f47e-4f54-963e-a46f5d8d1f8e,chamberlin.cn,available,5.36,5.36,medium,low,10,dynadot,,,29/09/2026 21:39
094a88b9-aafe-4bb6-84e2-11d1bd38a3de,bridget.cn,resell,,,high,low,7,,,,29/09/2026 04:09
51c75d30-5c31-4948-82ef-c8427fbb3662,become.cn,resell,,,high,low,6,Dynadot Inc,,,26/09/2026 04:19
f86c3aa2-3e85-4427-9a39-a21db0c5232c,trouble.cn,resell,,,medium,low,7,阿里云计算有限公司（万网）,,,26/09/2026 09:46
1cd25844-a5c2-4493-be99-a5d68d53d704,confronted.cn,available,5.36,5.36,low,low,10,dynadot,,,28/09/2026 23:23
99e286d6-da43-49aa-8061-531662e5d342,government.cn,resell,,,high,low,10,PDR Ltd. d/b/a PublicDomainRegistry.com,,,26/09/2026 06:27
c231548d-5ed5-4bed-8238-133252618682,ballet.cn,resell,,,high,low,6,Dynadot Inc,,,26/09/2026 04:14
b85febbe-f414-42c5-97cd-b67174dda1b8,kidneys.cn,available,5.36,5.36,low,low,7,dynadot,,,29/09/2026 05:38
833bab92-ba29-4626-9a06-9cf6ebae2abd,glare.cn,resell,,,high,low,5,成都世纪东方网络通信有限公司,,,26/09/2026 06:24
ca5cabe1-7ae4-44f8-a658-b901435ed729,merchant.cn,resell,,,high,low,8,,,,28/09/2026 10:22
fb179517-9089-4236-9b79-939319ee375c,narragansett.cn,available,5.36,5.36,medium,low,12,dynadot,,,29/09/2026 15:38
9cfaf45c-fe3b-4346-9bd4-b4955bc0f6ef,ness.cn,resell,,,high,low,4,,,,29/09/2026 11:51
2035c90f-17fb-453e-8c44-20f57569951f,derive.cn,resell,,,high,low,6,浙江贰贰网络有限公司,,,29/09/2026 20:28
2bd401de-ab1e-418f-8db3-4ff3543e39aa,disagreed.cn,available,5.36,5.36,low,low,9,dynadot,,,29/09/2026 16:32
eef206a1-d76f-405c-81f0-c95db30c51a5,lace.cn,resell,,,high,low,4,Dynadot Inc,,,29/09/2026 03:54
38fd6089-0862-4375-9d91-aa244fa04f4e,framing.cn,resell,,,high,low,7,,,,29/09/2026 01:00
23e23ae9-0540-4785-9591-4074cfb55c28,williamstown.cn,available,5.36,5.36,medium,low,12,dynadot,,,29/09/2026 22:48
9ad569be-a944-4b3c-b7ab-60dd5431536b,petite.cn,resell,,,medium,low,6,Dynadot Inc,,,26/09/2026 08:07
060cfcd4-5862-4909-b835-ccb054dc34dd,cement.cn,resell,,,high,low,6,厦门易名科技股份有限公司,,,29/09/2026 07:46
bd7685e0-ad79-494c-abc9-fd7ea9bf66bc,powerplant.cn,resell,,,high,low,10,,,,29/09/2026 08:38
22a5a093-93a8-431e-b136-76fd921d438e,mexican.cn,resell,,,high,low,7,Dynadot Inc,,,26/09/2026 07:32
e83fffdc-409c-424f-b032-3585ffa2acb9,similarly.cn,available,5.36,5.36,medium,low,9,dynadot,,,28/09/2026 16:09
e236e5ee-269a-4e44-9e92-2358d5729152,gadget.cn,resell,,,high,low,6,Dynadot Inc,,,26/09/2026 06:18
ed3c3bfa-ef80-4f08-9740-d06ebe7abbd5,algebras.cn,available,5.36,5.36,low,low,8,dynadot,,,28/09/2026 13:28
cc9f4a43-29ba-48f0-8eec-abdefcc3c74f,brits.cn,resell,,,medium,low,5,Dynadot Inc,,,26/09/2026 04:37
5857e362-b8ec-4f3f-a2e7-baceb4b78ffa,windmills.cn,resell,,,medium,low,9,Dynadot Inc,,,26/09/2026 10:10
8b632e7c-4dd7-460d-9be9-8f1289b7e6f0,berries.cn,resell,,,medium,low,7,Register.com,,,26/09/2026 04:22
baf2cb9b-acad-412c-bd89-8d52ad339982,adore.cn,resell,,,high,low,5,,,,29/09/2026 08:22
2d433b80-305b-400f-9ded-af232113030b,contamination.cn,available,5.36,5.36,medium,low,13,dynadot,,,29/09/2026 22:52
208b990c-a739-4b0d-9290-c9ff076c3008,luftwaffe.cn,available,5.36,5.36,medium,low,9,dynadot,,,28/09/2026 09:53
9de626c2-ab42-4e82-b5a1-1f0a257ee9bd,deluxe.cn,resell,,,high,low,6,Dynadot Inc,,,26/09/2026 05:29
eec8cd56-3379-4bd4-8777-6a37256b4eaf,palmerston.cn,available,5.36,5.36,medium,low,10,dynadot,,,28/09/2026 16:40
e8cf3b61-7152-4652-a739-cfeda527ff44,obstacles.cn,available,5.36,5.36,low,low,9,dynadot,,,29/09/2026 05:04
38c17b2e-ada2-4d62-b212-11074f11fb93,steakhouse.cn,resell,,,high,low,10,Dynadot Inc,,,26/09/2026 09:17
5f6ed6e5-c52c-4ea4-b858-950a49f06f21,facilities.cn,resell,,,high,low,10,WEST263 INTERNATIONAL LIMITED,,,30/09/2026 00:08
fac80938-0860-44cd-a45e-710e05f1b7d4,skin.cn,resell,,,high,low,4,Dynadot Inc,,,29/09/2026 09:48
0ab4c8fe-c105-4113-9b48-a430c0287b21,chili.cn,resell,,,high,high,5,Dynadot Inc,,,26/09/2026 04:54
76fb8247-0296-49a4-89f9-852c04f4de2e,producers.cn,resell,,,medium,low,9,,,,28/09/2026 23:09
57b41fa9-7726-4f1b-8d10-6abb39687958,entertained.cn,available,5.36,5.36,medium,low,11,dynadot,,,29/09/2026 10:59
a8b065e9-bc5d-498a-ba56-fef43fc405cc,marches.cn,available,5.36,5.36,medium,low,7,dynadot,,,29/09/2026 19:38
f7811169-d0fb-4e43-bbb0-f862cfb4a5bd,trujillo.cn,available,5.36,5.36,medium,low,8,dynadot,,,28/09/2026 16:38
8d762f39-2ee6-411a-8ed6-2831a4d49b1d,reprints.cn,available,5.36,5.36,medium,low,8,dynadot,,,28/09/2026 09:09
e6c89a68-7952-415c-b63e-113240c86bb3,upcoming.cn,resell,,,high,low,8,WEST263 INTERNATIONAL LIMITED,,,26/09/2026 09:53
0c3fd2cc-abf5-4aa3-bd4b-1a78300db2eb,motto.cn,resell,,,high,low,5,,,,28/09/2026 13:39
b116e4d7-0dc7-4338-81e3-7c84b57cb5d3,despise.cn,available,5.36,5.36,medium,low,7,dynadot,,,29/09/2026 15:39
5db8b9cc-01d5-453f-bbbe-66a3c9a7b1c9,brunette.cn,resell,,,medium,low,8,Dynadot Inc,,,26/09/2026 04:38
107c58dd-6376-4077-8688-c17e750f68aa,festivities.cn,available,5.36,5.36,medium,low,11,dynadot,,,29/09/2026 22:56
488a0eee-745b-4045-98e8-7b99aa3b11a8,subscript.cn,resell,,,medium,low,9,成都西维数码科技有限公司,,,26/09/2026 09:22
8ecd47dc-5222-4040-abdb-88326a58d16d,detained.cn,available,5.36,5.36,low,low,8,dynadot,,,29/09/2026 05:25
bd44c8be-ef28-409c-9a63-287ac97a1f68,unspoken.cn,resell,,,high,low,8,厦门三五互联信息有限公司,,,26/09/2026 09:53
d07e79e8-7613-4d28-943f-46b998f81d9c,aquarium.cn,resell,,,high,low,8,Dynadot Inc,,,26/09/2026 03:57
0826a896-ce94-4491-8b89-8e2355e4cf0e,handle.cn,resell,,,high,low,6,Dynadot Inc,,,26/09/2026 06:33
c10148d5-ca5c-414d-8abc-bdd74423b98b,wallet.cn,resell,,,high,medium,6,Dynadot Inc,,,29/09/2026 02:45
f0da1379-dab3-4f3e-8c1e-f87cf1b1f279,streamers.cn,resell,,,medium,low,9,阿里云计算有限公司（万网）,,,26/09/2026 09:20
740eed45-f195-4bef-827c-a72a6b3ba8a2,hydrophobic.cn,available,5.36,5.36,medium,low,11,dynadot,,,29/09/2026 08:39
cc0a4a4d-6927-4a2b-849e-79c63739eb51,organized.cn,resell,,,high,low,9,厦门市中资源网络服务有限公司,,,26/09/2026 07:56
2771f128-5f30-4eb7-8c52-1b70c954db0c,arundel.cn,available,5.36,5.36,medium,low,7,dynadot,,,28/09/2026 12:04
2701c78a-48f6-4fa9-a4da-c43982ab1fe8,acquire.cn,resell,,,high,low,7,Dynadot Inc,,,29/09/2026 06:15
061c8619-e464-4c34-b9fe-65d3f67587e6,custer.cn,available,9.99,9.99,medium,low,6,godaddy,,,28/09/2026 01:44
92386ebf-7c27-49bc-9935-ccdbfb486c94,baseball.cn,resell,,,high,low,8,Dynadot Inc,,,29/09/2026 01:20
463b2964-37be-41df-945d-4ee64e3e7d5a,debts.cn,resell,,,low,low,5,,,,28/09/2026 04:25
13c5a35a-8b9f-4291-8f8c-fad72b361dea,applies.cn,available,5.36,5.36,medium,low,7,dynadot,,,29/09/2026 05:00
9bf0a20a-7f4d-4c33-8ae4-2851ee0baa49,kirkwood.cn,available,5.36,5.36,medium,low,8,dynadot,,,29/09/2026 10:55
beff2d9b-a9c5-4340-953a-ab4f48018b71,opinion.cn,resell,,,high,low,7,Dynadot Inc,,,27/09/2026 16:53
78196d8b-e7e9-41a7-b356-cd4ac025b27d,genuine.cn,resell,,,high,low,7,Dynadot Inc,,,26/09/2026 06:21
7d0012ae-8b44-41d3-9566-fb0aabdd3bab,lengths.cn,available,5.36,5.36,low,low,7,dynadot,,,29/09/2026 05:45
42e030b3-0dcc-4d87-b6b0-349fcfd5c016,improved.cn,resell,,,high,low,8,阿里云计算有限公司（万网）,,,26/09/2026 06:49
885d3a2f-50c5-4aa7-bd06-cd87b54bd75a,couples.cn,resell,,,medium,low,7,Dynadot Inc,,,26/09/2026 05:17
afae97a5-fb89-445c-b1b2-9d9a626233ea,gossip.cn,resell,,,medium,low,6,Dynadot Inc,,,26/09/2026 06:27
f3cd0ba2-83f4-4971-be42-6bbd54cc8ecf,tricked.cn,available,5.36,5.36,low,low,7,dynadot,,,29/09/2026 23:35
a9b70e6f-cbff-41d5-8be5-4d1ff665491e,heritage.cn,resell,,,high,medium,8,,,,28/09/2026 14:26
f4bca6ea-1515-42c8-b1e5-3be6f42b8f2e,acquainted.cn,available,5.36,5.36,medium,low,10,dynadot,,,28/09/2026 07:02
d3b36828-6a78-4c58-9b7e-f2db489eaca9,bartender.cn,resell,,,high,low,9,Dynadot Inc,,,26/09/2026 04:16
c4cc4dde-27de-422d-8e02-b6bf9fd9ac70,ancestral.cn,resell,,,high,low,9,阿里云计算有限公司（万网）,,,26/09/2026 03:51
32039df7-8cb2-43c6-8d9d-d78fb1c55bbb,dresses.cn,resell,,,medium,low,7,Dynadot Inc,,,26/09/2026 05:41
44050dec-2ac9-4622-a544-bdf534e803d3,appeal.cn,resell,,,high,low,6,Megazone Corp.,,,28/09/2026 21:53
ab9d657f-dc54-4e3e-81ef-6b45f36da58f,suggests.cn,available,5.36,5.36,medium,low,8,dynadot,,,28/09/2026 08:53
734a30c1-5e0d-4e60-9149-f6165e2fe548,pawtucket.cn,available,5.36,5.36,medium,low,9,dynadot,,,29/09/2026 15:45
2e5fd7f8-df83-4282-8dc5-d7cda8254708,banner.cn,resell,,,high,low,6,成都西维数码科技有限公司,,,26/09/2026 04:15
4be15bf5-bd66-4bcf-bf0a-22bcb63ff99d,viola.cn,resell,,,medium,low,5,,,,29/09/2026 07:04
b3b50f56-fd60-4cdb-af59-c69367c6df38,identified.cn,resell,,,medium,low,10,阿里巴巴云计算（北京）有限公司,,,26/09/2026 06:47
c41e8410-5f61-4824-bd65-5440111684f5,scale.cn,resell,,,high,medium,5,Dynadot Inc,,,29/09/2026 21:07
636b5955-b448-4e42-8d82-070956047792,distribution.cn,resell,,,high,low,12,Dynadot Inc,,,28/09/2026 04:51
6e4fd21c-030e-4568-8e1d-d66cb303108f,scenery.cn,resell,,,high,low,7,,,,28/09/2026 15:20
7b0593d6-0bcc-4393-9bba-a278bca3377e,confiscated.cn,available,5.36,5.36,low,low,11,dynadot,,,29/09/2026 11:03
c3e6d618-29fe-44c1-b375-e0b9bd476f58,masterpiece.cn,resell,,,high,medium,11,,,,28/09/2026 07:05
04a4f8c0-ab81-484a-a24a-c2b2b25b9149,entertainer.cn,resell,,,high,low,11,,,,29/09/2026 20:49
21bd96ae-09e9-483b-9e95-84a38c755914,gregor.cn,available,,,high,low,6,,,,
deda5a49-7624-44cb-8cff-f6ec7814069b,local.cn,resell,,,high,medium,5,Dynadot Inc,,,26/09/2026 07:17
a09718b5-c35b-4d4f-8e67-85efe1a1ead8,questioned.cn,available,5.36,5.36,low,low,10,dynadot,,,28/09/2026 08:50
b1f86c57-95e7-47f4-a666-f86119e9a3d8,chapel.cn,resell,,,high,low,6,,,,28/09/2026 01:39
24bb29b5-b187-47a8-947e-39d0cbf658bb,coaches.cn,resell,,,medium,low,7,,,,20/09/2026 07:46
da3abf17-51e2-4c5e-8046-14ba145b8def,devon.cn,resell,,,high,low,5,阿里云计算有限公司（万网）,,,26/09/2026 05:32
9b275646-b658-4642-8085-18ec6d23e038,bioethics.cn,resell,,,high,low,9,Dynadot Inc,,,26/09/2026 04:26
22702a62-25ee-4e2f-9e1f-c37c13b83ee9,numeral.cn,resell,,,medium,low,7,厦门易名科技股份有限公司,,,26/09/2026 07:50
77c7ba1c-5a2d-45ae-ae47-bd33fac830fa,reservations.cn,resell,,,medium,low,12,Dynadot Inc,,,26/09/2026 08:37
25d555d1-367b-46b9-a880-56aaf9f1a2f4,expand.cn,resell,,,high,low,6,浙江贰贰网络有限公司,,,26/09/2026 05:57
e6def828-9f62-42d9-b1ea-31cd07cd504f,violating.cn,available,5.36,5.36,low,low,9,dynadot,,,29/09/2026 05:13
19336bb1-8b7b-4ee3-97a9-41ec785a18b3,skipped.cn,available,5.36,5.36,low,low,7,dynadot,,,29/09/2026 05:58
efac8b41-17b7-454d-a60c-2a2470f66c71,races.cn,resell,,,high,low,5,Dynadot Inc,,,26/09/2026 08:28
61850c04-9b54-4ebf-bbba-2b4273c76636,craving.cn,resell,,,high,low,7,,,,30/09/2026 01:09
8f823153-6eb9-4761-b663-b5075155d848,debating.cn,available,5.36,5.36,medium,low,8,dynadot,,,29/09/2026 05:52
2834998c-d193-41cb-9f96-b94683ddc808,acoustics.cn,resell,,,high,low,9,Dynadot Inc,,,26/09/2026 01:21
5c1972e4-bf3d-45bd-b726-5f5613a801ce,half.cn,resell,,,high,low,4,厦门易名科技股份有限公司,,,26/09/2026 06:33
eb690454-414a-43f0-ab0d-781c68a6eb43,continuity.cn,resell,,,high,low,10,阿里云计算有限公司（万网）,,,26/09/2026 05:13
34793de8-35f6-49d2-bc1b-8e3f9933ce4a,securities.cn,resell,,,medium,low,10,,,,29/09/2026 22:51
c61c877e-6043-4fde-a50a-ec3ed34bd658,unwise.cn,resell,,,medium,low,6,福州中旭网络技术有限公司,,,26/09/2026 09:53
b9b2cccf-dab0-466d-8e24-f34ff04f1ce1,manic.cn,resell,,,medium,low,5,浙江贰贰网络有限公司,,,26/09/2026 07:24
e9a19cff-2c14-4cab-8f34-ee3e9284de41,breckinridge.cn,available,5.36,5.36,medium,low,12,dynadot,,,29/09/2026 15:54
c2fb2742-39d9-4f1d-af16-7cc21d84312d,rum.cn,resell,,,high,low,3,Dynadot Inc,,,26/09/2026 08:45
8ec37e64-4faf-47e8-b062-feb356a9de33,lovely.cn,resell,,,high,low,6,阿里云计算有限公司（万网）,,,26/09/2026 07:19
f40a5a93-174b-4551-bce7-bb143d7dccdd,reasons.cn,resell,,,medium,low,7,腾讯云计算（北京）有限责任公司,,,26/09/2026 08:31
a26074cb-d601-4dc9-8c32-a28527d17243,weaken.cn,available,5.36,5.36,medium,low,6,dynadot,,,29/09/2026 18:30
76c6b39d-40b0-43e3-90ea-c41fe461b78a,slot.cn,resell,,,high,medium,4,阿里巴巴云计算（北京）有限公司,,,29/09/2026 18:36
6d440d03-ce13-4a5c-9115-244edc44732d,glide.cn,resell,,,high,medium,5,成都西维数码科技有限公司,,,26/09/2026 06:24
3c877969-d1a5-4936-b31d-de955f3ee79f,missoula.cn,available,5.36,5.36,high,low,8,dynadot,,,29/09/2026 01:41
6752003b-c321-4acc-bac7-6248ec55e32e,daytime.cn,resell,,,high,low,7,Dynadot Inc,,,29/09/2026 13:18
4be9d4f5-7753-4c51-8bad-8a0aa467f4a2,advances.cn,resell,,,medium,low,8,,,,28/09/2026 23:36
25ef054a-c838-4fae-896e-d1faa737d07b,allegations.cn,available,5.36,5.36,low,low,11,dynadot,,,29/09/2026 11:36
5ced132e-8fe1-46b6-8853-d7787b0a4e77,first.cn,resell,,,high,medium,5,"GoDaddy.com,LLC",,,26/09/2026 06:06
71a75ca9-30ff-40f8-b63f-e39c15cc1989,scored.cn,available,5.36,5.36,medium,low,6,dynadot,,,27/09/2026 23:20
5e68bd6e-c591-4ec3-a37b-9eab3b2e3e74,vowed.cn,available,5.36,5.36,high,low,5,dynadot,,,29/09/2026 23:41
565f8d03-549e-4c30-b6c2-44feacbd1d30,dealership.cn,resell,,,high,low,10,Dynadot Inc,,,29/09/2026 06:18
98517b9b-55e5-4d08-ae40-2677c62bceef,accountants.cn,resell,,,medium,low,11,Dynadot Inc,,,26/09/2026 01:20
cc1f8359-9cca-4d3c-a960-094a8f0b437a,couch.cn,resell,,,high,low,5,Dynadot Inc,,,26/09/2026 05:16
32959880-2fa9-4a55-8c21-766af2d71052,protein.cn,resell,,,high,low,7,Dynadot Inc,,,26/09/2026 08:23
c66322d7-5426-4b2a-ada9-681561f21197,cricket.cn,resell,,,high,low,7,Dynadot Inc,,,29/09/2026 12:00
5d85f13f-eb79-46e1-86d9-62c4eac69d25,bedrooms.cn,resell,,,low,low,8,,,,29/09/2026 05:54
5c646175-932e-4b25-87d9-4c537a86285b,digger.cn,resell,,,high,low,6,,,,29/09/2026 06:38
32c58d63-b71a-4b2e-b0b6-6a6239a1dd7d,stones.cn,resell,,,medium,low,6,Dynadot Inc,,,26/09/2026 09:19
93aa0366-14ed-405e-a872-76d7aa531b28,veal.cn,resell,,,medium,low,4,Dynadot Inc,,,26/09/2026 09:56
9b9f7fc7-0d7e-4872-8af1-1fe6850fabb2,fragments.cn,resell,,,low,low,9,,,,29/09/2026 05:00
6a2b7ecb-64ab-4f60-b466-72744b73b61e,potential.cn,resell,,,high,low,9,浙江贰贰网络有限公司,,,27/09/2026 04:46
3e8b226c-aa1e-4bf5-b009-176307f31aed,combining.cn,available,5.36,5.36,high,low,9,dynadot,,,29/09/2026 18:23
7c4b05bd-2e8a-411f-806e-a576efd6e7fe,remedial.cn,resell,,,high,low,8,厦门市中资源网络服务有限公司,,,26/09/2026 08:35
ad286d77-9f81-4833-90a2-8c2a26972154,finals.cn,resell,,,high,low,6,成都垦派科技有限公司,,,26/09/2026 06:05
aea79067-ede1-49dc-a178-7d289899b441,asymmetric.cn,resell,,,medium,low,10,成都西维数码科技有限公司,,,26/09/2026 04:05
4d5980a0-5344-4f07-bd44-84d7ada48ed4,scene.cn,resell,,,high,low,5,Dynadot Inc,,,26/09/2026 08:50
67f2c683-afa3-467d-8b49-ea4fd376bb9c,kaufman.cn,resell,,,medium,low,7,阿里云计算有限公司（万网）,,,26/09/2026 07:03
7c3bb426-2a7b-4037-96da-284c28374528,adolphe.cn,available,5.36,5.36,medium,low,7,dynadot,,,30/09/2026 00:25
3263367e-a561-4f06-a5f3-ee468e0cff2c,deposit.cn,resell,,,high,low,7,Dynadot Inc,,,28/09/2026 20:39
05f47872-3e69-4642-935d-bc6bd70704d4,attraction.cn,resell,,,high,low,10,Dynadot Inc,,,28/09/2026 23:11
3536f41c-c0a3-4aed-b168-33074fe95a36,frequently.cn,available,5.36,5.36,high,low,10,dynadot,,,28/09/2026 14:57
0fd4bc07-a8cb-4995-b91e-e8c46c19f428,divorce.cn,resell,,,medium,low,7,Dynadot Inc,,,26/09/2026 05:37
46d373de-acfe-4cf0-b831-25890c53ed90,momentarily.cn,available,5.36,5.36,medium,low,11,dynadot,,,29/09/2026 23:02
187d6211-af8c-4cd6-b9e0-73550c30be26,driven.cn,resell,,,high,low,6,阿里云计算有限公司（万网）,,,26/09/2026 05:41
7961ab0c-44d2-4eb5-b646-e2c0f4c4b6e9,dedicate.cn,resell,,,high,low,8,成都西维数码科技有限公司,,,26/09/2026 05:27
2ec02abb-0bc6-4bf6-95e8-6d7c93549980,racy.cn,resell,,,medium,low,4,天津追日科技发展有限公司,,,26/09/2026 08:28
a05bdf99-d20a-4395-826b-882d8b3cec18,skirts.cn,resell,,,medium,low,6,,,,29/09/2026 11:11
952913c9-82cb-42ef-acfe-6e557c7f935d,operational.cn,available,5.36,5.36,high,low,11,dynadot,,,28/09/2026 07:11
c413af3b-2145-4722-8f8e-4b2d04cb34f7,coherently.cn,available,5.36,5.36,medium,low,10,dynadot,,,28/09/2026 14:06
5b6cc8bc-06f2-4b39-a273-688e08a1c185,challenged.cn,available,5.36,5.36,medium,low,10,dynadot,,,28/09/2026 11:21
6b7915b5-c247-4de7-bc6a-6798fdc66f85,edgy.cn,resell,,,high,low,4,WEST263 INTERNATIONAL LIMITED,,,26/09/2026 05:45
7d401034-44d9-4da7-9d94-d5a4ba2688ca,nitric.cn,resell,,,medium,low,6,阿里云计算有限公司（万网）,,,26/09/2026 07:47
4d571206-e15b-4c9f-b1f9-2da139f5af46,schedule.cn,resell,,,high,low,8,Dynadot Inc,,,28/09/2026 04:02
65f6371d-de3a-4b88-bcee-87692b9e70c5,location.cn,resell,,,high,low,8,Dynadot Inc,,,27/09/2026 04:42
fa7241ad-6b0d-4618-b64b-627f63f33ca1,photographer.cn,resell,,,high,low,12,,,,27/09/2026 06:12
abe9be87-331c-4f30-9e82-58e68f0c227e,melanie.cn,resell,,,medium,low,7,,,,27/09/2026 07:18
a79437c1-f89d-40ec-a393-2767df454ffc,doubling.cn,available,5.36,5.36,medium,low,8,dynadot,,,29/09/2026 16:36
11b2e29e-c8e7-435c-a56a-8d692f09541a,classified.cn,resell,,,high,low,10,Dynadot Inc,,,26/09/2026 04:58
9b83840e-2052-4ad0-85bd-7f7e16faac67,marines.cn,resell,,,high,low,7,Dynadot Inc,,,26/09/2026 07:26
5441f650-7c72-47bf-9695-9d4fc69ad71c,burger.cn,resell,,,high,low,6,Dynadot Inc,,,29/09/2026 01:52
98edd2bf-0227-403b-a13e-acc5eb669f41,italian.cn,resell,,,high,low,7,Dynadot Inc,,,26/09/2026 06:58
aa1ad440-a9ab-40b6-a049-f69d5718ad65,recognise.cn,available,5.36,5.36,high,low,9,dynadot,,,28/09/2026 06:55
ad5194b7-79ec-419a-80d7-101fbfd8f440,regrets.cn,available,5.36,5.36,medium,low,7,dynadot,,,28/09/2026 15:15
735d3dd3-8eaa-4775-b870-c409ac6399d6,offices.cn,resell,,,medium,low,7,Dynadot Inc,,,26/09/2026 07:52
a7ab4cae-c1d6-4a23-a1ff-a86c693b42d9,console.cn,resell,,,high,low,7,Dynadot Inc,,,26/09/2026 05:12
40b87237-7742-4905-8d4c-0519799845d2,reading.cn,resell,,,high,low,7,Dynadot Inc,,,30/09/2026 00:17
e29bb5fa-5e81-47bd-9af3-41470d620835,fiction.cn,resell,,,high,low,7,Dynadot Inc,,,29/09/2026 18:50
6b85b15d-d5de-4b86-a1b5-7d952b8734e3,intimate.cn,resell,,,high,low,8,Dynadot Inc,,,26/09/2026 06:56
e36cf4ff-b8dc-4b72-b172-b5968ad16330,auk.cn,resell,,,medium,low,3,广东时代互联科技有限公司,,,26/09/2026 04:08
586d594d-435c-40ff-833b-dc3c3d32ddc8,runaway.cn,resell,,,medium,low,7,成都西维数码科技有限公司,,,26/09/2026 08:46
e5a3d329-285e-46d0-aa19-d035015f1be3,sentencing.cn,available,5.36,5.36,medium,low,10,dynadot,,,29/09/2026 23:41
642d454a-bdf1-42c2-adf6-d979626ec8e5,hoff.cn,resell,,,medium,low,4,,,,29/09/2026 21:37
e7bdbbb4-657b-40c8-b06d-935a1188cded,noodle.cn,resell,,,high,low,6,Dynadot Inc,,,26/09/2026 07:48
a0ba3e32-60bd-45a4-8042-9fc299ba623a,eel.cn,resell,,,high,low,3,,,,30/09/2026 01:28
c3b4f9cb-bf38-4656-b8f1-2c8a0eff59d2,reporters.cn,resell,,,medium,low,9,,,,28/09/2026 00:38
d416a6e5-14cf-4e87-af9f-1d80aac9924a,pasta.cn,resell,,,high,low,5,Dynadot Inc,,,28/09/2026 20:26
e4d185c7-2e69-4d95-bf5d-d3b581b896d1,polygon.cn,resell,,,high,low,7,Dynadot Inc,,,26/09/2026 08:14
496388b9-0c72-4f38-801a-34e96d7fed32,suite.cn,resell,,,high,low,5,Dynadot Inc,,,28/09/2026 22:47
751c47c8-8bfc-44e9-b469-6c1832867532,executives.cn,resell,,,medium,low,10,腾讯云计算（北京）有限责任公司,,,26/09/2026 05:57
2cbd21db-1eea-4e9c-a156-79edc806f79f,respectful.cn,available,5.36,5.36,high,low,10,dynadot,,,27/09/2026 12:44
3df9e0c3-6ca8-42e0-ad6c-4772185046a1,regal.cn,resell,,,high,low,5,Dynadot Inc,,,26/09/2026 08:34
4782d0da-1828-4541-a66b-6e36aa89afba,domesday.cn,available,5.36,5.36,medium,low,8,dynadot,,,29/09/2026 09:11
f377184f-4f9d-4407-bc91-4c174c207c91,overhead.cn,resell,,,high,low,8,腾讯云计算（北京）有限责任公司,,,26/09/2026 07:58
cdaed447-91c4-4dd6-a398-494054a95e8f,sensual.cn,resell,,,high,low,7,Dynadot Inc,,,26/09/2026 08:55
6bebacae-059b-4a5d-90a7-3e749faae976,barcelona.cn,resell,,,high,low,9,南昌知乐远科技有限公司,,,26/09/2026 04:16
c44cfc37-0147-4627-a0b3-7b45f47e648e,wilmot.cn,available,5.36,5.36,medium,low,6,dynadot,,,29/09/2026 16:33
66297ec5-15aa-4f96-9109-bcf121c7b81a,aft.cn,resell,,,medium,low,3,广东时代互联科技有限公司,,,26/09/2026 01:25
68862f0c-84a3-4afb-9a6b-d757659806e9,groom.cn,resell,,,high,low,5,,,,27/09/2026 12:02
1e20c6e1-ac31-45e5-b288-366ac1819c2a,journals.cn,resell,,,low,low,8,,,,29/09/2026 16:35
3db1507d-eb2f-40f6-8b40-fa443413f72d,aerobic.cn,resell,,,high,low,7,Dynadot Inc,,,26/09/2026 01:24
c764ecf5-4d26-4566-9440-68cff4f58f4b,smoky.cn,resell,,,medium,low,5,阿里云计算有限公司（万网）,,,26/09/2026 09:06
3103a50d-787a-4a43-9a1f-4a010bb384a6,lakes.cn,resell,,,high,low,5,,,,29/09/2026 09:25
8781faa5-8d81-435e-bea4-cdfbc27150fd,wreckage.cn,available,5.36,5.36,medium,low,8,dynadot,,,29/09/2026 08:20
601e874b-14d1-43bf-b290-8d776d202147,fighting.cn,resell,,,high,low,8,Dynadot Inc,,,26/09/2026 06:04
17c5555f-278e-4fed-9fc7-bdd6313a84fa,munson.cn,available,5.36,5.36,medium,low,6,dynadot,,,29/09/2026 15:48
257d2623-db66-4425-9b7e-2fb3407f428a,grazing.cn,available,5.36,5.36,high,low,7,dynadot,,,29/09/2026 01:08
b0eba341-fb48-4715-9c30-b517225ede58,registration.cn,resell,,,high,low,12,Dynadot Inc,,,26/09/2026 08:34
45c85b8f-7619-4d2f-9086-d028c35ff0cb,everbody.cn,resell,,,low,low,8,PortsGroupAB,,,26/09/2026 05:55
5f1e6c05-9ec2-4c74-a15b-7046bb70a507,journalists.cn,resell,,,low,low,11,,,,29/09/2026 10:52
c34bc006-301e-44ec-9e17-edfa998170b8,boots.cn,resell,,,high,low,5,Dynadot Inc,,,26/09/2026 04:33
af9ca29a-2898-4a53-b886-416b57d9ce48,nitrous.cn,resell,,,medium,low,7,厦门市中资源网络服务有限公司,,,26/09/2026 07:47
d252085c-79f4-4101-baae-c2469618d5f9,bangkok.cn,resell,,,high,low,7,Dynadot Inc,,,26/09/2026 04:15
fb6e0fb9-9658-4f22-b5c8-6a2284a60dc1,planted.cn,resell,,,high,low,7,阿里云计算有限公司（万网）,,,26/09/2026 08:11
c61ae7cd-6ae6-4203-b27b-e245a00e91e5,dirt.cn,resell,,,high,low,4,阿里巴巴云计算（北京）有限公司,,,26/09/2026 05:35
aa67b0e0-0d2b-4fa5-af6c-4d6529569935,secretary.cn,resell,,,medium,low,9,Dynadot Inc,,,26/09/2026 08:53
e5d46adb-5a01-4ee4-a541-06048a3830a8,tomb.cn,resell,,,medium,low,4,,,,27/09/2026 16:05
2458d263-116b-4474-8780-54466bfcca04,expelled.cn,available,5.36,5.36,low,low,8,dynadot,,,28/09/2026 12:50
b0f0f31b-a7fb-4bfa-8cfd-b412b6a80225,positioned.cn,available,5.36,5.36,medium,low,10,dynadot,,,29/09/2026 23:39
f59bdafe-1a7c-491e-b0b7-2be48f37ae5d,positively.cn,resell,,,medium,low,10,福州中旭网络技术有限公司,,,26/09/2026 08:15
2391fd7d-ee71-483d-8081-c0d4aa5aee5f,netherlands.cn,available,,,high,high,11,,,,
1d367834-52e6-4e6c-8d5b-4dac2ec8ba9e,planes.cn,resell,,,medium,low,6,Dynadot Inc,,,26/09/2026 08:11
eeed6644-cf02-4b4f-a3b7-a47faa6919a7,speculate.cn,resell,,,high,low,9,,,,29/09/2026 11:01
27627b0f-5f3a-4a59-9020-81da78f00ebf,valued.cn,resell,,,high,low,6,WEST263 INTERNATIONAL LIMITED,,,28/09/2026 10:07
63fb6c8f-15ab-4182-929b-3d5642a4fe72,surround.cn,resell,,,high,low,8,Dynadot Inc,,,26/09/2026 09:26
ccaf40f8-c209-4ff0-92de-8c3a8e415af2,rhode.cn,resell,,,high,low,5,浙江贰贰网络有限公司,,,26/09/2026 08:40
ee7d1fee-22dd-49ab-be64-0a548562b02c,wealthy.cn,resell,,,high,low,7,Dynadot Inc,,,26/09/2026 10:05
e7ecb638-b799-4ed3-9507-1b2f761f281d,incline.cn,available,5.36,5.36,high,low,7,dynadot,,,29/09/2026 23:48
181f5d28-2275-4b8b-961a-1317a4df73ac,suborbital.cn,resell,,,high,low,10,阿里云计算有限公司（万网）,,,26/09/2026 09:22
39fdeb43-2720-4288-a1d8-e556ce607f5b,gorgeous.cn,resell,,,high,low,8,Dynadot Inc,,,26/09/2026 06:27
e3247c7e-423d-4b6f-b2ad-3d5f79571e9a,scully.cn,available,5.36,5.36,high,low,6,dynadot,,,28/09/2026 11:43
faaf126a-459d-4786-923a-704a2cb4b575,prototype.cn,resell,,,high,low,9,,,,28/09/2026 14:03
2c69efab-3740-4e34-8f66-4de094d35bd6,gloves.cn,resell,,,medium,low,6,成都垦派科技有限公司,,,26/09/2026 06:24
bd647246-4475-40f8-ac85-99cea1fdfc09,trumpian.cn,available,,,medium,low,8,,,,
dfcd07f0-fcc1-4f9d-832b-3bfc302ef1f6,spartanburg.cn,available,5.36,5.36,high,low,11,dynadot,,,29/09/2026 22:45
ac2a4fcb-187c-4fff-b54e-16b46a67f23c,kanawha.cn,available,5.36,5.36,medium,low,7,dynadot,,,29/09/2026 01:29
80f63673-d5a2-466a-997a-9452329e3d47,inches.cn,resell,,,low,low,6,WEST263 INTERNATIONAL LIMITED,,,26/09/2026 06:50
a0aba22b-ca56-4169-8962-2169a7dca9d5,paths.cn,resell,,,medium,low,5,Dynadot Inc,,,26/09/2026 08:03
74da502e-61a4-4d74-b732-20e0bb7fc30d,maude.cn,resell,,,medium,low,5,,,,28/09/2026 12:05
b0c64f11-8df8-4d50-b826-8d0e4e08c1c4,acting.cn,resell,,,high,low,6,Dynadot Inc,,,26/09/2026 01:21
7e166ca1-786a-4a48-bc73-c8a99e9510e3,marathon.cn,resell,,,high,low,8,Dynadot Inc,,,26/09/2026 07:25
1052a975-d1f7-4536-a82e-e8433b69e0d0,invitation.cn,resell,,,high,low,10,Dynadot Inc,,,30/09/2026 00:21
7f09319f-76fb-47dc-9eab-897ab4dfa866,antrim.cn,available,5.36,5.36,medium,low,6,dynadot,,,28/09/2026 16:38
5aae23cb-bc95-4c5d-b194-b5dfb4dd073b,collecting.cn,resell,,,high,low,10,Dynadot Inc,,,26/09/2026 05:06
66b2b3ac-da44-4b2f-a47a-8b3efe5d2930,challenges.cn,resell,,,medium,low,10,,,,29/09/2026 11:27
f9b6f225-00fe-410b-ba38-e145aee593a7,adjusting.cn,available,5.36,5.36,medium,low,9,dynadot,,,29/09/2026 14:33
282773d1-5370-4312-8b44-b15bb7c76a92,provision.cn,resell,,,high,low,9,Dynadot Inc,,,26/09/2026 08:24
cc3c5a9b-ad3e-4314-8273-b778d6515b66,stocky.cn,resell,,,medium,low,6,阿里云计算有限公司（万网）,,,26/09/2026 09:19
d64d49bb-3afb-44d9-bb13-ab2c60900f91,cgi.cn,resell,,,high,high,3,,,,29/09/2026 09:23
2efcece2-118e-4f63-991d-4df8ecd6ccba,fundament.cn,resell,,,low,low,9,阿里云计算有限公司（万网）,,,26/09/2026 06:17
971bdf41-4f57-4160-a511-4154a32251b5,dishonor.cn,available,5.36,5.36,medium,low,8,dynadot,,,29/09/2026 15:45
1b1f6ace-dc31-472f-b7b5-c0e7dd575f6a,knesset.cn,available,5.36,5.36,medium,low,7,dynadot,,,28/09/2026 19:39
a9e46c06-f86f-4dc0-b155-26d6b3602f02,equivalent.cn,resell,,,high,low,10,广州云讯信息科技有限公司,,,26/09/2026 05:52
3f5087cc-6606-44ce-a70a-b52a42cc85cf,structure.cn,resell,,,high,low,9,Dynadot Inc,,,28/09/2026 04:24
985ada68-4aa5-4ec8-a1d3-8d5064155df1,proclaim.cn,resell,,,high,low,8,成都垦派科技有限公司,,,26/09/2026 08:20
bbc30822-8499-4c3f-bb30-81fa28d11d74,mature.cn,resell,,,high,low,6,Dynadot Inc,,,26/09/2026 07:28
9ed637e9-07b0-494a-b085-9f2d77760fcd,affiliates.cn,resell,,,medium,low,10,Dynadot Inc,,,26/09/2026 01:25
fa37d780-0797-4a03-ad02-95d6d34499da,keyboards.cn,resell,,,medium,low,9,Dynadot Inc,,,26/09/2026 07:04
89cd2f45-4b5b-48f8-a76f-a84d68f4f0eb,trailer.cn,resell,,,high,low,7,Dynadot Inc,,,26/09/2026 09:43
06b6c72d-304a-4036-b623-11f623d864e5,spaces.cn,resell,,,high,low,6,Dynadot Inc,,,28/09/2026 17:55
80f2889c-521f-40a6-ad99-2eac676988e8,thrift.cn,resell,,,high,low,6,Dynadot Inc,,,27/09/2026 03:24
b964a52b-cde7-4716-b262-0a12a76d6b69,blade.cn,resell,,,high,low,5,阿里云计算有限公司（万网）,,,26/09/2026 04:28
63ad5976-a248-4564-a45b-01f84fa68d87,amplitudes.cn,available,5.36,5.36,medium,low,10,dynadot,,,30/09/2026 00:33
41744394-4ff5-4a22-b532-2c729ef5f853,escapes.cn,resell,,,medium,low,7,,,,29/09/2026 05:18
8cca42e0-7d50-4fc1-af21-649dfea7bce7,tailor.cn,resell,,,high,low,6,,,,28/09/2026 10:52
90e7987c-ab36-474d-830d-e491bce515c3,cactus.cn,resell,,,high,low,6,Dynadot Inc,,,26/09/2026 04:42
242e5007-66c8-4de4-aadc-3f69e5da45a4,cwa.cn,resell,,,medium,low,3,,,,29/09/2026 22:10
f0054a48-b6ea-4de3-a7df-8a35c18b926e,paints.cn,resell,,,medium,low,6,,,,29/09/2026 05:51
1c69d27d-0287-4433-b622-92996d8061ca,came.cn,resell,,,medium,low,4,广东时代互联科技有限公司,,,26/09/2026 04:43
b5034054-1305-47a8-9432-a30fa77350ff,oven.cn,resell,,,high,low,4,,,,28/09/2026 06:32
efa63b08-0bc1-41b6-98b2-7eb842e16739,frenchman.cn,available,5.36,5.36,medium,low,9,dynadot,,,29/09/2026 07:00
0a485990-fd2c-4fd9-b70d-be182149e000,watches.cn,resell,,,high,low,7,Dynadot Inc,,,26/09/2026 10:04
ecf95e02-b0d6-47a4-ba4f-f77ced2df5df,yogurt.cn,resell,,,high,low,6,,,,28/09/2026 02:43
49c6cd59-0a44-4d21-a6d4-dc5c45f1d36f,refuges.cn,available,5.36,5.36,low,low,7,dynadot,,,30/09/2026 00:19
d5733d43-7f48-4b46-b4be-31ceeff9af6f,mattress.cn,resell,,,high,low,8,,,,28/09/2026 19:51
dabd8b63-0c34-49d8-a67a-fd89b6a82a84,companion.cn,resell,,,high,low,9,Dynadot Inc,,,26/09/2026 05:09
3f1a4ba3-bfd8-4742-899b-0dd4152c93f2,genre.cn,resell,,,high,low,5,,,,29/09/2026 07:04
57cb0fde-728f-4ca0-a622-e2eb459e34b6,laboratory.cn,resell,,,high,low,10,Dynadot Inc,,,28/09/2026 06:20
7b53847e-a426-4c1c-8af7-9c63b42f7fbb,adventure.cn,resell,,,high,medium,9,Dynadot Inc,,,28/09/2026 18:58
3e4720e3-52e1-47bb-acc7-86a6d4f625b4,clifton.cn,resell,,,medium,low,7,阿里云计算有限公司（万网）,,,26/09/2026 04:59
af0ec3f9-234e-4ca1-ae73-d3f831846e91,comes.cn,resell,,,medium,low,5,北京网尊科技有限公司,,,26/09/2026 05:08
546dd168-ef73-4e9e-a24e-31d6426d46f5,clueless.cn,resell,,,medium,low,8,杭州电商互联科技有限公司（原杭州创业互联科技有限公司）,,,26/09/2026 05:04
aad9eab1-fcb6-4f97-b927-003c2249af47,pastry.cn,resell,,,high,low,6,,,,29/09/2026 13:40
ba2eda85-e49f-4274-874c-067926433030,cebu.cn,resell,,,high,low,4,,,,28/09/2026 18:38
57c07f61-95f0-47a4-a2e5-39317ae7de54,ivanov.cn,available,5.36,5.36,high,low,6,dynadot,,,29/09/2026 01:22
56486ac1-dea9-49b2-89be-c478bfb86a84,associates.cn,resell,,,medium,low,10,,,,28/09/2026 08:50
ab850196-3580-415d-b440-d8232f53e090,swiss.cn,resell,,,high,medium,5,阿里云计算有限公司（万网）,,,26/09/2026 09:28
f798a41b-4e70-4c0f-8ced-3cff9c665021,appointments.cn,resell,,,medium,low,12,,,,28/09/2026 17:59
d0b5719b-2ae1-4424-a2e0-5169d24db9ce,yost.cn,resell,,,medium,low,4,,,,29/09/2026 22:40
38a7a0c9-5b72-4f7c-8ac9-6326540ea57a,torrey.cn,available,5.36,5.36,medium,low,6,dynadot,,,29/09/2026 09:58
9494cfbf-2522-4b4d-aa0e-d4fdd8e09b6d,gregorio.cn,available,,,high,low,8,,,,
52c6e634-e7cb-4ed8-a51e-d9ffb353f84f,rivers.cn,resell,,,high,low,6,,,,28/09/2026 08:05
5946082b-0013-4b26-b746-e41636b33065,holland.cn,resell,,,high,low,7,,,,28/09/2026 02:07
4f126f21-03e4-4b05-bcf8-b9bd2242a766,barring.cn,available,5.36,5.36,medium,low,7,dynadot,,,29/09/2026 01:15
c70f2607-9976-4a66-b251-399a07a60411,rodeo.cn,resell,,,high,low,5,,,,28/09/2026 06:42
b506cb73-bdbc-41c3-a6af-bef9ab9b119c,segal.cn,available,5.36,5.36,medium,low,5,dynadot,,,28/09/2026 19:20
55d49d06-9e9e-499e-8868-95bfe83f0486,rumination.cn,resell,,,medium,low,10,阿里云计算有限公司（万网）,,,26/09/2026 08:45
fae8c130-a54c-4383-a999-63e3ef0286be,arcade.cn,resell,,,high,low,6,Dynadot Inc,,,26/09/2026 03:58
b23df61a-51f0-45c5-a91c-75bfe8052d47,shrinking.cn,available,5.36,5.36,medium,low,9,dynadot,,,29/09/2026 13:58
c10bd91f-6b43-4993-bc67-e3d84046e788,semicircular.cn,available,5.36,5.36,medium,low,13,dynadot,,,29/09/2026 03:26
ba728a41-62b8-4c3e-9c01-dfd2040ca97c,mcdaniel.cn,available,5.36,5.36,medium,low,8,dynadot,,,29/09/2026 04:34
0c957f61-e4b9-42f5-8527-8cf16153d595,protesting.cn,available,5.36,5.36,medium,low,10,dynadot,,,29/09/2026 08:58
830a10bb-2d85-478e-b937-5fb55c476daa,fooled.cn,available,5.36,5.36,low,low,6,dynadot,,,29/09/2026 04:52
15ebccde-13ab-4412-868b-18ef5645c121,rotary.cn,resell,,,high,low,6,Dynadot Inc,,,26/09/2026 08:44
8e182d33-55d7-4fb7-aaba-4488165b7c50,thicker.cn,available,5.36,5.36,medium,low,7,dynadot,,,29/09/2026 16:25
691d2bad-44a9-40fe-b4b3-4c8cf30ba211,gadsden.cn,available,9.99,9.99,medium,low,7,godaddy,,,30/09/2026 01:42
f47db9d9-4abe-43f2-a3db-0c0ab00403d3,eusebius.cn,available,5.36,5.36,medium,low,8,dynadot,,,29/09/2026 06:49
5dae7ee0-86b0-4478-9bf5-fe6ce8e2614d,diary.cn,resell,,,high,low,5,厦门易名科技股份有限公司,,,26/09/2026 05:33
32a1dd9c-5670-40d3-bee2-aceff8c2a1bb,sandwich.cn,resell,,,high,low,8,Dynadot Inc,,,26/09/2026 08:48
123cfdc7-aeff-4720-84a4-4b6005e08fe7,chanukah.cn,available,5.36,5.36,medium,low,8,dynadot,,,29/09/2026 08:10
fb41a840-477e-478f-b909-10382abc7e80,fever.cn,resell,,,high,low,5,Dynadot Inc,,,29/09/2026 19:05
24b3fe39-cd71-4b86-bbaa-3c35220fca21,seasonal.cn,resell,,,high,low,8,Dynadot Inc,,,26/09/2026 08:53
59f6e206-40ea-4eef-bd4e-0f5a331ed360,chair.cn,resell,,,high,low,5,Dynadot Inc,,,26/09/2026 04:50
293959af-4cbd-45d5-82e0-be9cacbf0110,controller.cn,resell,,,high,low,10,Dynadot Inc,,,28/09/2026 06:44
da972ccd-4937-4d47-9756-c30603d8a742,tush.cn,resell,,,low,low,4,成都西维数码科技有限公司,,,26/09/2026 09:48
2de76f29-385b-456b-8c8c-ea25d3cff5ee,elite.cn,resell,,,high,medium,5,Web Commerce Communications Limited,,,26/09/2026 05:47
e5dcd01a-a439-40bc-b0fe-6c4f71c9d91d,maui.cn,available,9.99,9.99,high,low,4,厦门易名科技股份有限公司,,,28/09/2026 02:23
8b516f4d-a250-4115-863c-40bc97265ffd,financially.cn,available,5.36,5.36,medium,low,11,dynadot,,,28/09/2026 12:33
4c0921a6-6ffd-4312-975d-ac2119cbc1ce,bikers.cn,resell,,,high,low,6,Dynadot Inc,,,26/09/2026 04:25
d7754d1b-498b-46c0-b7a8-844a3b7141fb,possessions.cn,available,5.36,5.36,low,low,11,dynadot,,,28/09/2026 17:10
5991efe0-4074-444b-a1ff-3e9f5c46a825,contestants.cn,available,5.36,5.36,low,low,11,dynadot,,,29/09/2026 11:30
93390808-1cd8-4560-93cc-11a80b80cbb6,traveled.cn,available,5.36,5.36,high,low,8,dynadot,,,28/09/2026 09:30
c6b07c67-7ad6-4391-947b-b86a050af0c3,annually.cn,available,5.36,5.36,medium,low,8,dynadot,,,28/09/2026 11:16
086a869d-4603-4b9d-8fa6-7599bbdbcea5,democrat.cn,resell,,,high,low,8,成都西维数码科技有限公司,,,29/09/2026 13:56
f1a9a978-5976-4dca-b678-dbb601f5fdf5,commissioned.cn,available,5.36,5.36,medium,low,12,dynadot,,,29/09/2026 23:15
067d8d3c-64ee-4f28-bd7d-6f8c9102d460,resistant.cn,resell,,,high,low,9,"GoDaddy.com,LLC",,,26/09/2026 08:37
b060d0b4-096f-4b2b-96ec-dddd69f3b5ba,pearls.cn,resell,,,high,low,6,Dynadot Inc,,,28/09/2026 08:25
8eacb302-c20b-4bd7-8db5-42c8356e0264,relocation.cn,resell,,,high,low,10,,,,29/09/2026 13:46
b22ae629-892b-435a-88af-3cfd76b77340,conventional.cn,available,5.36,5.36,high,low,12,dynadot,,,28/09/2026 11:12
61ce2b97-0ddf-40fd-b0f3-99d6cf3c5373,genesee.cn,available,5.36,5.36,medium,low,7,dynadot,,,28/09/2026 08:10
ee81b685-1700-4031-8b4d-0232e43541a5,nonetheless.cn,available,5.36,5.36,medium,low,11,dynadot,,,29/09/2026 10:11
d5c8f37d-3d8d-4bb0-a9d7-9632147677e5,chanukkah.cn,available,5.36,5.36,medium,low,9,dynadot,,,29/09/2026 08:11
65e4a406-e99f-41e1-8c1a-0d797c4fcaf9,deluge.cn,resell,,,medium,low,6,阿里云计算有限公司（万网）,,,26/09/2026 05:29
1cf8b0ef-2f31-4fbf-b502-dde813b9aeac,collections.cn,resell,,,medium,low,11,Dynadot Inc,,,26/09/2026 05:07
9b345caf-2e15-45d6-aad1-8b0877063bd5,galician.cn,available,5.36,5.36,medium,low,8,dynadot,,,29/09/2026 12:26
1421f7b3-362e-4a80-9403-49699fd943d8,sings.cn,resell,,,medium,low,5,,,,27/09/2026 23:41
3ea21917-20f3-4134-bf92-e75666bb9df4,civilians.cn,available,5.36,5.36,medium,low,9,dynadot,,,28/09/2026 05:06
fd3f536a-c433-4a08-9d2c-7a5349a48fc5,rowley.cn,available,5.36,5.36,medium,low,6,dynadot,,,28/09/2026 12:08
816c6318-df3c-4989-b05f-9ee8007f2319,briefcase.cn,resell,,,high,low,9,Dynadot Inc,,,29/09/2026 04:11
27b4ad5e-d479-4017-a6f8-b701adf2d495,hanukkah.cn,available,5.36,5.36,high,low,8,dynadot,,,29/09/2026 08:04
437923e0-b758-44c0-8ee3-184dbfaefc7a,responsible.cn,resell,,,high,low,11,阿里巴巴云计算（北京）有限公司,,,26/09/2026 08:38
0b5d41ab-dc3e-41df-b45e-077dcf33d0b8,autograph.cn,resell,,,high,low,9,Dynadot Inc,,,26/09/2026 04:09
86b92a48-f95c-4091-aedd-671bf9d59417,partido.cn,available,5.36,5.36,medium,low,7,dynadot,,,29/09/2026 08:45
8762e975-00b8-4ba5-9fd6-0a2f92da36c2,nearest.cn,available,5.36,5.36,medium,low,7,dynadot,,,28/09/2026 14:05
27eb0e15-4034-4c83-bff7-f36a5ac89232,damp.cn,resell,,,medium,low,4,阿里巴巴云计算（北京）有限公司,,,26/09/2026 05:24
baff5573-3cd3-4742-a077-787d798a33e6,monitors.cn,resell,,,medium,low,8,,,,29/09/2026 00:02
cd3dbd3e-f097-4954-ac2a-4194b1ddf077,stumbled.cn,available,5.36,5.36,low,low,8,dynadot,,,29/09/2026 16:59
36d7925e-bffc-422a-b6b8-f8e0acabd8aa,theobald.cn,available,5.36,5.36,medium,low,8,dynadot,,,29/09/2026 15:20
8c651ec6-d582-447c-bd39-adddf6f7955b,dramatically.cn,available,5.36,5.36,medium,low,12,dynadot,,,29/09/2026 14:45
2d9ec0c8-27b9-4d42-97b2-fb619de98116,bipolar.cn,resell,,,high,low,7,Dynadot Inc,,,26/09/2026 04:26
bea37f9a-ea46-4abe-a88e-ca5f9f3edced,charms.cn,resell,,,medium,low,6,,,,29/09/2026 10:30
4c054783-4f5e-423e-9aa5-bb2824c2adae,soups.cn,resell,,,medium,low,5,Dynadot Inc,,,26/09/2026 09:10
ef46e810-3728-49f5-aa3e-422ac5f68f21,mentality.cn,resell,,,high,low,9,,,,29/09/2026 06:09
ca8a1d6c-8ed1-4317-a140-cefbb5d05f6b,programming.cn,resell,,,high,low,11,,,,28/09/2026 12:38
1ea677ad-964a-4238-bce8-73e8e1314170,accelerated.cn,resell,,,high,low,11,,,,29/09/2026 14:30
fff23b2c-c052-45a3-a671-d3fe3c141563,shareholders.cn,resell,,,low,low,12,Dynadot Inc,,,26/09/2026 08:58
4b5b1492-5894-4eab-8c17-be033ee8f495,cheese.cn,resell,,,high,low,6,Dynadot Inc,,,28/09/2026 12:55
d0f2fda1-55f4-440f-b45c-264f0c0c2ab2,problems.cn,resell,,,low,low,8,腾讯云计算（北京）有限责任公司,,,26/09/2026 08:20
587f2a2b-b8f6-40a6-8796-aa9a8d582bd5,nurses.cn,resell,,,medium,low,6,Dynadot Inc,,,28/09/2026 08:12
7526bde8-874e-4c1d-ae34-c57e292e30e3,marketable.cn,resell,,,high,low,10,阿里云计算有限公司（万网）,,,26/09/2026 07:26
68809efe-4e28-4ee5-8bdc-b9f25e020d03,alien.cn,resell,,,high,medium,5,Dynadot Inc,,,26/09/2026 03:47
32da297d-bfb5-4d11-b87d-539fb1b03ec9,istanbul.cn,resell,,,high,low,8,"GoDaddy.com,LLC",,,26/09/2026 06:58
199d6eae-fb82-4d61-94d0-66f51b9f9ac1,herb.cn,available,9.99,9.99,high,low,4,北京国科云计算技术有限公司（原北京中科三方网络技术有限公司）,,,28/09/2026 02:06
d5d55d2d-e3bb-4349-ad5b-40bd5eb4d2e7,theatres.cn,resell,,,medium,low,8,Dynadot Inc,,,26/09/2026 09:35
d7248a05-adca-43b1-95af-3d381b7590ee,whether.cn,resell,,,high,low,7,广东时代互联科技有限公司,,,26/09/2026 10:08
5708a60a-8ce2-40da-94f1-ca69a9be1e24,scuba.cn,resell,,,high,low,5,Dynadot Inc,,,26/09/2026 08:52
71f0e8e3-fbb9-4c7e-b826-1b35db7b4511,calculating.cn,available,5.36,5.36,high,low,11,dynadot,,,29/09/2026 14:44
468286d6-52ab-4a8f-b741-daeefe75713f,remote.cn,resell,,,high,medium,6,Dynadot Inc,,,26/09/2026 08:35
e1fb620b-8860-4397-88f4-c9003bf830d1,experiencing.cn,available,5.36,5.36,high,low,12,dynadot,,,28/09/2026 13:20
49e22862-b91f-4755-9b49-ebce8b807736,calculators.cn,resell,,,medium,low,11,WEST263 INTERNATIONAL LIMITED,,,26/09/2026 04:43
91feb6e0-a82e-452d-a90f-0b6bfdefd6aa,subscription.cn,resell,,,high,low,12,,,,29/09/2026 04:41
f4e91673-516c-4a9c-89cf-1efe9172b873,officials.cn,resell,,,medium,low,9,腾讯云计算（北京）有限责任公司,,,26/09/2026 07:52
89124f23-7133-4395-8e73-20048257c622,facial.cn,resell,,,high,low,6,Dynadot Inc,,,26/09/2026 05:59
18b1963c-6bec-4fc5-b749-37989f4ae4a4,alonzo.cn,resell,,,medium,low,6,,,,28/09/2026 17:51
ed742d6b-4537-44e2-8d9d-52861a2f491f,destination.cn,resell,,,high,low,11,Dynadot Inc,,,26/09/2026 05:31
9dea449e-bf3b-4f19-a493-1795c497e5f2,athletes.cn,resell,,,medium,low,8,,,,29/09/2026 00:04
71fb893a-f76c-4694-a486-c3639a592803,happen.cn,resell,,,high,low,6,Dynadot Inc,,,26/09/2026 06:34
a9c115a0-c404-4162-847b-2e683b6d001c,sporting.cn,resell,,,high,low,8,Dynadot Inc,,,26/09/2026 09:13
b2fd79ee-6440-49b7-a5d0-5b8174ae7fc0,icons.cn,resell,,,medium,low,5,Dynadot Inc,,,26/09/2026 06:47
cf698c30-c873-4632-89c3-4b7edb9b9e22,converting.cn,available,5.36,5.36,medium,low,10,dynadot,,,29/09/2026 23:06
d1f1d648-8aaa-4cbf-ad76-af71f8571db7,eindhoven.cn,available,9.99,9.99,medium,low,9,godaddy,,,30/09/2026 01:28
b57e19ba-c5d4-4a7b-96b5-404a91393682,stimulus.cn,resell,,,high,low,8,厦门市中资源网络服务有限公司,,,26/09/2026 09:18
face214d-0ad5-4900-b911-b816639bb23c,lawsuit.cn,resell,,,medium,low,7,,,,28/09/2026 05:25
86863d6d-01c8-416d-aa70-8d76bbb8faf9,attest.cn,resell,,,high,low,6,阿里云计算有限公司（万网）,,,26/09/2026 04:07
66ee1d4d-6d3d-4d87-9d82-a24eda1d0869,athlete.cn,resell,,,high,low,7,Dynadot Inc,,,28/09/2026 22:57
2885ad40-3d32-44f0-96ca-3f26785d7f88,darfur.cn,available,9.99,9.99,medium,low,6,godaddy,,,30/09/2026 01:45
9ccccd8b-22b1-4431-8285-0093fd16df81,rouge.cn,resell,,,high,medium,5,,,,29/09/2026 07:59
2c9a9d15-b007-4797-bd8b-022864322291,fresno.cn,available,9.99,9.99,medium,low,6,godaddy,,,30/09/2026 01:42
1ff0478b-d834-4268-9ec9-d4d6f9403de5,diabetes.cn,resell,,,high,low,8,Dynadot Inc,,,29/09/2026 14:48
aeec4149-f2c7-4afc-92d4-d5cb2c02166c,concentrating.cn,available,5.36,5.36,low,low,13,dynadot,,,29/09/2026 11:35
6f4b1de5-a680-43d4-8f63-614558f7cead,individuals.cn,resell,,,medium,low,11,,,,28/09/2026 12:49
f213be8a-3c7b-4e39-a4db-077dd1a6d9d8,bruise.cn,available,5.36,5.36,medium,low,6,dynadot,,,29/09/2026 04:45
a19e9a7d-89e8-422a-879e-80d2150ea489,rare.cn,resell,,,high,medium,4,阿里云计算有限公司（万网）,,,27/09/2026 09:46
61033e80-7c74-4fcc-902e-f47b1c049ae5,routes.cn,resell,,,medium,low,6,,,,29/09/2026 10:52
50df92bf-7ee5-4bb9-ba43-36601691b4dd,appliance.cn,resell,,,high,low,9,Dynadot Inc,,,26/09/2026 03:56
a5fba07b-8f99-4da4-8f45-23d4891ffba7,supplies.cn,resell,,,medium,low,8,Dynadot Inc,,,26/09/2026 09:25
8303621c-34da-4ba6-b469-636d25dea786,often.cn,resell,,,high,low,5,EPAG Domainservices GmbH,,,28/09/2026 14:58
eee7ba65-1517-4833-a419-27041b4351c1,noodles.cn,resell,,,medium,low,7,,,,28/09/2026 17:23
e9c8793d-f1d3-4815-819f-de90f0b4f829,flavor.cn,resell,,,high,low,6,,,,28/09/2026 14:12
360c4753-c81d-445c-99c7-34d2133a067d,temples.cn,resell,,,medium,low,7,,,,29/09/2026 15:51
46b20d0d-6553-4037-a4a8-3455880e8357,foremost.cn,resell,,,high,medium,8,Dynadot Inc,,,26/09/2026 06:11
9fa0ece9-f6ea-4d5e-84db-a94252fe2df6,invitations.cn,resell,,,medium,low,11,,,,29/09/2026 11:30
77b3644d-8dd6-4a72-adb3-0f57accb1e2f,orders.cn,resell,,,medium,low,6,Dynadot Inc,,,26/09/2026 07:56
4145b90c-a102-4f88-a854-2551bfb35f17,outskirts.cn,available,5.36,5.36,high,low,9,dynadot,,,29/09/2026 19:53
8ef82da8-135f-4022-9bd9-8dab6dbd9882,westcott.cn,available,,,medium,low,8,,,,
5f3e688a-73ff-49b7-8927-11ade1a95cce,kingsbury.cn,available,5.36,5.36,high,low,9,dynadot,,,29/09/2026 22:52
fb9c813a-603e-4ac2-ab7c-54c4dc9eaf4c,lasted.cn,available,5.36,5.36,low,low,6,dynadot,,,28/09/2026 04:59
522dc4e3-d7f0-4dfe-a7db-c2a9725693c9,precinct.cn,available,5.36,5.36,medium,low,8,dynadot,,,28/09/2026 15:05
dabe39e5-123b-43eb-ac91-c557b41747c5,depending.cn,available,5.36,5.36,low,low,9,dynadot,,,27/09/2026 22:26
876d9bf4-e504-4a26-884b-b99c7639377e,stains.cn,available,5.36,5.36,medium,low,6,dynadot,,,29/09/2026 22:47
c6cc3bcc-24b1-43ad-8700-373cf4cee860,manassas.cn,available,5.36,5.36,medium,low,8,dynadot,,,29/09/2026 22:10
533abe16-2b82-4157-9a4c-7204a295a6ba,frontier.cn,resell,,,high,medium,8,,,,28/09/2026 09:50
9cf3d4d7-1d68-452d-a078-b7ef2317793b,classics.cn,resell,,,high,low,8,,,,28/09/2026 13:44
566c8791-3ee8-4fcf-897d-25759996cbe2,caldwell.cn,resell,,,medium,low,8,阿里云计算有限公司（万网）,,,26/09/2026 04:43
6aec4eca-5883-404d-ad74-2ef2b554fd0f,earthly.cn,resell,,,high,low,7,成都垦派科技有限公司,,,26/09/2026 05:44
b42c34aa-b9a2-4f23-a768-1ba0399e7d14,funfair.cn,resell,,,high,low,7,广东金万邦科技投资有限公司,,,26/09/2026 06:17
d22108b3-08d2-4262-a719-e6ae4db28789,sleeps.cn,resell,,,medium,low,6,,,,28/09/2026 13:22
1a0580f8-5321-4d62-90d0-c6568e32e74d,barter.cn,resell,,,high,low,6,Dynadot Inc,,,29/09/2026 01:18
3612a25c-b1b2-476e-bbae-6fa541ac6792,dedham.cn,available,5.36,5.36,medium,low,6,dynadot,,,29/09/2026 22:43
5cea944b-c757-4993-881e-7af3011aedd1,relationship.cn,resell,,,high,low,12,Dynadot Inc,,,26/09/2026 08:34
0b57aef4-7b82-49cb-a3d6-ff2b501829f2,hairy.cn,resell,,,high,low,5,阿里云计算有限公司（万网）,,,26/09/2026 06:33
a67730fa-55af-4f3f-afac-76948f3ef13b,ambrosia.cn,resell,,,high,low,8,阿里巴巴云计算（北京）有限公司,,,26/09/2026 03:50
eb173df0-ec2c-4fce-9189-5b54a7b25cbb,sock.cn,resell,,,high,low,4,成都垦派科技有限公司,,,26/09/2026 09:07
2ed7a181-7b1e-4518-8440-2592ba2d2266,australasian.cn,available,5.36,5.36,high,low,12,dynadot,,,29/09/2026 03:04
27fc3fcb-cde7-4a2b-af47-123feef06d24,bizarre.cn,resell,,,high,low,7,商中在线科技股份有限公司,,,26/09/2026 04:27
00baf086-2c2e-46e4-a699-ee23fa03a1bf,skate.cn,resell,,,high,low,5,,,,28/09/2026 06:45
b1b5380f-d7d7-4dce-b236-b030b66373b6,vinyl.cn,resell,,,high,low,5,,,,29/09/2026 20:35
869e6539-99b3-4031-b0f6-59fced0111ad,puzzles.cn,resell,,,medium,low,7,Dynadot Inc,,,26/09/2026 08:26
0e8c88c2-f248-4d32-adc4-30eb383ae7fb,broadcasting.cn,resell,,,high,low,12,,,,28/09/2026 12:27
8a8e648c-277e-46fe-ad22-bd45680f7e6f,souvenir.cn,resell,,,high,low,8,,,,29/09/2026 07:24
b5d29775-ced7-4eac-9bd3-e7e41d24dae8,guerilla.cn,resell,,,high,low,8,阿里云计算有限公司（万网）,,,26/09/2026 06:31
b508b4f3-49e7-48d4-bafc-956e765d673d,implications.cn,available,5.36,5.36,low,low,12,dynadot,,,29/09/2026 17:18
65c02174-3ee2-4531-b895-1e3be30163b0,fate.cn,resell,,,high,low,4,广东时代互联科技有限公司,,,29/09/2026 09:19
27a37c12-38b5-46f7-9ded-fe1152c0f539,superhuman.cn,resell,,,high,low,10,阿里云计算有限公司（万网）,,,26/09/2026 09:25
e2d69420-a2e8-4185-9d74-28c9f521694f,kleenex.cn,resell,,,high,low,7,,,,30/09/2026 01:39
53bfef54-f9f5-46da-94d0-d5fe18acc0bc,publisher.cn,resell,,,high,low,9,,,,28/09/2026 10:33
17e68205-4af4-401d-a006-c0c2cd0f10f2,crash.cn,resell,,,high,low,5,阿里巴巴云计算（北京）有限公司,,,29/09/2026 09:51
f08975cd-2530-42c7-9303-afd298354aa6,brewery.cn,resell,,,high,low,7,,,,28/09/2026 18:30
2c2dbfb5-181d-4f81-8bfb-3af88a2d8bf1,dutchess.cn,available,5.36,5.36,high,low,8,dynadot,,,29/09/2026 21:34
3cf70658-4e56-47f2-8298-741346384870,ruins.cn,available,5.36,5.36,medium,low,5,dynadot,,,28/09/2026 12:46
6fe13f8f-82bf-499f-a9bd-d7946ecba632,barbeque.cn,resell,,,high,low,8,Dynadot Inc,,,29/09/2026 01:07
a38ae24e-1b84-4d6c-8ffd-b263d3376322,renting.cn,resell,,,high,low,7,,,,29/09/2026 13:46
f38c23be-78b5-4d52-b56d-01214128bf2e,affirm.cn,resell,,,high,high,6,浙江贰贰网络有限公司,,,26/09/2026 01:25
05a75004-fa62-4f82-ba8f-39d2634df828,financing.cn,resell,,,high,low,9,,,,29/09/2026 12:21
2d5675b2-f346-4ec0-9b9e-8435ec8b64b0,begin.cn,resell,,,high,low,5,厦门易名科技股份有限公司,,,28/09/2026 08:26
468b6ba8-9a30-41f4-8a4b-3e1377d8d914,houses.cn,resell,,,high,low,6,Dynadot Inc,,,26/09/2026 06:44
65343725-61cb-45af-8cca-806036a7381a,artesian.cn,resell,,,medium,low,8,江苏邦宁科技有限公司,,,26/09/2026 04:02
80934be3-34b1-4ed3-ab08-631f12fe6514,metabolic.cn,resell,,,high,low,9,成都西维数码科技有限公司,,,26/09/2026 07:31
f91fb7ac-8c27-46ea-84e4-fb8629697b73,naturalism.cn,available,5.36,5.36,high,low,10,dynadot,,,29/09/2026 13:32
31582fb0-365e-430c-a485-b5ec093f87d3,israelites.cn,available,5.36,5.36,high,low,10,dynadot,,,27/09/2026 13:59
a74da583-948f-4837-b5a6-903f80fef695,compromised.cn,available,5.36,5.36,low,low,11,dynadot,,,28/09/2026 13:03
70fa5c42-5731-4d49-b697-61666d5866b6,commodity.cn,resell,,,high,low,9,Dynadot Inc,,,29/09/2026 10:26
1b343165-2f18-453f-b452-6466c5b767b6,killings.cn,available,5.36,5.36,low,low,8,dynadot,,,28/09/2026 23:59
abd641dc-c3bb-4785-a75d-cc1dd1770773,glue.cn,resell,,,high,low,4,Dynadot Inc,,,29/09/2026 20:54
dbec76b9-ce24-40f9-bcb1-0aa39da2f1f9,soap.cn,resell,,,high,low,4,Dynadot Inc,,,29/09/2026 17:31
4a39cebc-3872-4fd2-add9-871009a60c47,volunteered.cn,available,5.36,5.36,medium,low,11,dynadot,,,28/09/2026 09:06
8badd980-4faf-40d4-82ac-8a17b0ed12dd,systems.cn,resell,,,medium,low,7,Dynadot Inc,,,29/09/2026 14:31
e3ff7632-dd33-415f-928d-e1b62a01556c,webs.cn,resell,,,high,low,4,杭州云集通信科技有限公司,,,26/09/2026 10:06
41d42f45-f62b-48de-87ce-4d4923e7c1a0,upscale.cn,resell,,,high,low,7,Dynadot Inc,,,26/09/2026 09:54
bb1b0954-59ca-42cd-9758-7d05978a47e2,laptops.cn,resell,,,medium,low,7,Dynadot Inc,,,26/09/2026 07:08
88dada0b-719f-452f-81eb-f4b8858195ce,organic.cn,resell,,,high,low,7,Dynadot Inc,,,26/09/2026 07:56
8006e68e-77e3-4337-b0d3-92fd62c204d0,purses.cn,resell,,,medium,low,6,Dynadot Inc,,,26/09/2026 08:25
673ddbe0-eeb8-4f79-86a4-e642a6b9d0db,wore.cn,resell,,,medium,low,4,北京网尊科技有限公司,,,26/09/2026 10:13
cf037905-53c2-4393-87c9-c2393384be50,spitting.cn,available,5.36,5.36,medium,low,8,dynadot,,,29/09/2026 08:06
79b9f7d7-c3f9-44b6-bb2c-bf0bd0e250c0,gnp.cn,available,9.99,9.99,high,low,3,godaddy,,,30/09/2026 01:45
80bb77df-3372-4f2b-9f88-25cd4de8b1a9,visions.cn,resell,,,medium,low,7,,,,27/09/2026 23:41
2977d277-eea2-44dd-9d44-baadb4c94268,murine.cn,resell,,,medium,low,6,厦门易名科技股份有限公司,,,26/09/2026 07:41
fb93c49f-2643-49d2-acbe-58ae36f7fee8,portraits.cn,resell,,,medium,low,9,,,,30/09/2026 00:16
64079fe1-44e9-4350-a2d5-3b2ad5bcfa4b,nightclub.cn,resell,,,high,low,9,,,,29/09/2026 00:18
c18b7077-725c-4dda-8484-43f08d4b03fe,intellectual.cn,resell,,,high,low,12,,,,28/09/2026 03:23
a9ba6053-448e-4e4f-a079-9ed832e70465,helmet.cn,resell,,,high,low,6,Dynadot Inc,,,26/09/2026 06:38
46e0799c-772c-4ae2-81cf-9742ab05ce7c,totals.cn,resell,,,medium,low,6,腾讯云计算（北京）有限责任公司,,,26/09/2026 09:41
5a09cbf0-4956-4562-b0e7-f39a97afbf6d,constantly.cn,available,5.36,5.36,medium,low,10,dynadot,,,28/09/2026 14:18
5c99c484-66eb-463b-a3d9-5892cdda0ec2,revenues.cn,resell,,,medium,low,8,腾讯云计算（北京）有限责任公司,,,28/09/2026 04:22
2e03ee17-bdaf-4304-8db1-09b8ca2c2796,prep.cn,available,9.99,9.99,high,low,4,"GoDaddy.com,LLC",,,28/09/2026 02:07
2eb3eaae-e409-4e4f-bcc9-e333bff0c533,supplement.cn,resell,,,high,low,10,Dynadot Inc,,,26/09/2026 09:25
0414325d-03bd-4c92-b2c6-5d453a0a18a0,sneaker.cn,resell,,,high,low,7,Dynadot Inc,,,26/09/2026 09:07
b83c4e71-682e-4446-b086-ace179a226b9,correctional.cn,available,5.36,5.36,medium,low,12,dynadot,,,29/09/2026 14:55
0f02a6e9-e4d8-41d4-96ec-f416fd965e0a,procession.cn,available,5.36,5.36,high,low,10,dynadot,,,29/09/2026 06:59
2e6af27c-2ad5-40eb-ab24-ba07081f7eab,systemic.cn,resell,,,medium,low,8,厦门市中资源网络服务有限公司,,,26/09/2026 09:28
0cb71b3c-d048-4d91-91cc-9d69e135f63e,agencies.cn,resell,,,medium,low,8,,,,28/09/2026 23:07
7d0603df-b1bb-429e-82bc-61727087a4e5,implant.cn,resell,,,high,low,7,,,,29/09/2026 13:06
fa3c1ba3-5324-4419-9d1c-483f96caf1b0,spared.cn,available,5.36,5.36,low,low,6,dynadot,,,28/09/2026 17:48
1125f863-d243-4ca4-be34-1a6168274838,infant.cn,resell,,,high,low,6,Dynadot Inc,,,29/09/2026 00:05
13256ec5-ad0c-4226-a6a1-61987f11ba45,bookmark.cn,resell,,,high,low,8,厦门易名科技股份有限公司,,,26/09/2026 04:32
6d5c90b7-0fa1-4a12-acc0-28f189789525,translates.cn,available,5.36,5.36,medium,low,10,dynadot,,,30/09/2026 00:23
bb420344-a2a8-4401-8768-02b1a7ec6fa4,majesty.cn,resell,,,medium,low,7,,,,27/09/2026 04:40
7a5e3022-0d33-45dd-9268-d8a6d9951bf1,scipio.cn,available,5.36,5.36,medium,low,6,dynadot,,,29/09/2026 13:43
43c49891-78b9-48c3-bb5f-041c8e5ba80e,birth.cn,resell,,,high,low,5,Dynadot Inc,,,29/09/2026 02:50
8d4fe857-4224-433b-b475-a18410548536,dates.cn,resell,,,high,low,5,Dynadot Inc,,,26/09/2026 05:26
1070b7b7-99e8-4386-abc2-840c94e3c70b,emerged.cn,available,5.36,5.36,medium,low,7,dynadot,,,29/09/2026 16:31
648602bd-c272-4a01-aac8-2e4737852c04,embraced.cn,available,5.36,5.36,medium,low,8,dynadot,,,29/09/2026 23:57
942106d6-85c4-4def-b787-6271b6f2c94f,grant.cn,resell,,,high,low,5,,,,27/09/2026 12:18
dbf7fc6e-047b-4dd1-a100-fe3c6d445f95,snack.cn,resell,,,high,low,5,Dynadot Inc,,,28/09/2026 06:30
705b10f7-ffcb-43a9-86f4-120a1c437505,capabilities.cn,available,5.36,5.36,medium,low,12,dynadot,,,29/09/2026 11:06
b7d10a4b-2535-47d3-b83b-2d58792fee64,infra.cn,resell,,,high,low,5,Megazone Corp.,,,26/09/2026 06:52
d6203e60-f40a-4506-b544-afabeb650803,individual.cn,resell,,,high,low,10,Dynadot Inc,,,26/09/2026 06:51
612a135c-4ec0-4f87-85ff-5a8f5bfd0840,gabby.cn,resell,,,medium,low,5,厦门市中资源网络服务有限公司,,,26/09/2026 06:18
e03e8f39-1ca7-4d4e-85b3-d2993e6b96f3,dependable.cn,resell,,,high,low,10,阿里云计算有限公司（万网）,,,26/09/2026 05:30
052429dd-c78a-4085-8aeb-469059245b1b,shotgun.cn,resell,,,medium,low,7,Dynadot Inc,,,26/09/2026 09:00
b7640365-dd66-4a82-9e7c-9596e15d8e60,cabin.cn,resell,,,high,low,5,Dynadot Inc,,,26/09/2026 04:42
a3f6416d-3fcb-4f36-9f04-324a87f70d1d,barbecue.cn,resell,,,high,low,8,Dynadot Inc,,,29/09/2026 01:06
866cae6b-2cac-43f2-aeda-bbbb6fe6192a,established.cn,resell,,,high,low,11,成都西维数码科技有限公司,,,26/09/2026 05:53
91c7f8b8-1bcd-4786-8583-7b575842d23c,habitable.cn,resell,,,high,low,9,Megazone Corp.,,,26/09/2026 06:32
d8df1d27-7f2d-40cb-a5ea-71ba74f20891,presume.cn,available,5.36,5.36,medium,low,7,dynadot,,,29/09/2026 00:37
4bf729f2-7504-44de-9281-416486cb0647,checking.cn,resell,,,high,low,8,厦门易名科技股份有限公司,,,26/09/2026 04:53
14d15da3-0b56-40bc-9ab8-1225c8fdceb0,comedians.cn,resell,,,medium,low,9,Dynadot Inc,,,26/09/2026 05:07
3a2e427c-9574-4923-84f9-7d3a45dbd4f2,removed.cn,resell,,,medium,low,7,阿里云计算有限公司（万网）,,,26/09/2026 08:36
85130278-404f-4967-a710-0e3a89fb225f,versed.cn,resell,,,medium,low,6,浙江贰贰网络有限公司,,,26/09/2026 09:58
e03e1a4d-2235-42bc-9546-0857b2fce65e,attorneys.cn,resell,,,medium,low,9,,,,28/09/2026 13:24
1a9cb1e1-a7ab-4df9-be7e-db06001749f8,hurting.cn,available,5.36,5.36,medium,low,7,dynadot,,,27/09/2026 14:14
fb26b4d8-0953-4f20-9b9a-0ad0f4c6dbe3,negotiating.cn,available,5.36,5.36,medium,low,11,dynadot,,,29/09/2026 00:06
facbbef3-ac68-48ba-8c14-67d10e24fa2d,savvy.cn,resell,,,high,low,5,Dynadot Inc,,,26/09/2026 08:50
0cd57413-8c63-4786-b9d8-3ec9062c9caa,boulogne.cn,available,5.36,5.36,medium,low,8,dynadot,,,29/09/2026 09:58
5378571f-ce37-44bd-ad4b-2304ab46eb07,cobra.cn,resell,,,high,low,5,,,,28/09/2026 13:44
01563002-4f8f-426f-ba04-2b0acaa3076a,dunlap.cn,available,5.36,5.36,medium,low,6,dynadot,,,28/09/2026 12:20
99a25d4d-d374-4494-bc89-234af84ddcdf,brainwaves.cn,resell,,,medium,low,10,厦门三五互联信息有限公司,,,26/09/2026 04:35
372a9098-8169-4484-bd98-f32b49604193,lieutenant.cn,available,9.99,9.99,high,low,10,godaddy,,,28/09/2026 02:16
c6a8f171-8eda-4dd4-a151-adf988164896,leonard.cn,resell,,,high,low,7,阿里云计算有限公司（万网）,,,26/09/2026 07:12
f42140c4-84c7-4b04-ac92-887aa6dfaa2f,norwalk.cn,available,5.36,5.36,high,low,7,dynadot,,,28/09/2026 12:08
e9ebdd73-42ba-4996-b28a-cfe258719d04,painters.cn,resell,,,medium,low,8,,,,29/09/2026 11:24
d7cb9716-ab2a-4554-92de-42c865d923c8,hillsborough.cn,available,5.36,5.36,medium,low,12,dynadot,,,28/09/2026 07:56
ba0153f4-bd50-46da-9dbe-450a89e76425,hanker.cn,resell,,,medium,low,6,阿里云计算有限公司（万网）,,,26/09/2026 06:34
89b65d77-4e29-432b-8b24-14f5a28119fd,collingwood.cn,available,5.36,5.36,medium,low,11,dynadot,,,28/09/2026 12:17
2ca62156-b773-487e-b152-ee93d58dfe09,genocide.cn,available,9.99,9.99,high,low,8,godaddy,,,30/09/2026 01:43
a2f0e62f-98de-4a8f-b6d6-b2a388f32cad,payroll.cn,resell,,,high,low,7,,,,28/09/2026 10:41
51c7dee6-4246-498a-8252-8368ac9fc070,generally.cn,available,5.36,5.36,medium,low,9,dynadot,,,28/09/2026 13:35
de827566-599b-4f85-aa41-c571b2240f61,publishers.cn,resell,,,medium,low,10,Dynadot Inc,,,26/09/2026 08:24
b7b48dd4-78cd-4d8b-ac9a-c55f7a401ff1,curriculum.cn,resell,,,high,low,10,,,,29/09/2026 06:26
ec02cc44-2bb5-48c0-b6fe-5195b7508c80,boxers.cn,resell,,,high,low,6,Dynadot Inc,,,29/09/2026 03:50
fc7a5237-a7d9-4572-b50c-668d3001fdf8,spine.cn,resell,,,high,low,5,Dynadot Inc,,,28/09/2026 17:17
a4a9e83c-59bc-4522-9315-cba7ac19553a,prompter.cn,resell,,,high,low,8,成都西维数码科技有限公司,,,26/09/2026 08:22
d0555c81-5dff-4c3b-a35e-a4a7f0bbf17f,adventures.cn,resell,,,high,low,10,Dynadot Inc,,,26/09/2026 01:24
94cb8bfc-b2dc-4dda-bec0-cda15481f70a,scottsdale.cn,available,5.36,5.36,high,low,10,dynadot,,,29/09/2026 15:25
7352dff3-790f-4942-9da0-c67d05385ebd,morgantown.cn,available,5.36,5.36,medium,low,10,dynadot,,,29/09/2026 19:41
d06badb5-64e6-481c-8a28-484b27c3f880,practiced.cn,available,5.36,5.36,high,low,9,dynadot,,,29/09/2026 02:32
ab988216-1bdb-40c8-878c-1e38f1a04508,midway.cn,resell,,,high,low,6,Dynadot Inc,,,26/09/2026 07:33
7f42a115-b5d7-4420-85fe-6b85cfbcef11,lecture.cn,resell,,,high,low,7,Dynadot Inc,,,26/09/2026 07:11
0ecfeb17-040c-477f-80bc-7a12eab25d42,juliette.cn,available,5.36,5.36,medium,low,8,dynadot,,,29/09/2026 15:24
21ed42bc-6ebf-468c-a9ca-3522fb8ba986,responder.cn,resell,,,medium,low,9,成都西维数码科技有限公司,,,26/09/2026 08:38
2cdd42d9-2808-40cd-b643-a31cdb2510f0,cuisine.cn,resell,,,high,low,7,Dynadot Inc,,,28/09/2026 04:20
b0502b1c-59f7-48b9-80a4-70dd27934c39,anxiety.cn,resell,,,medium,low,7,Dynadot Inc,,,26/09/2026 03:55
90609dc9-24e5-44a6-8236-156127913e68,bacon.cn,resell,,,high,low,5,Dynadot Inc,,,28/09/2026 16:51
1f8cdd40-69d8-46b0-bdde-abeb2227728b,critically.cn,available,5.36,5.36,medium,low,10,dynadot,,,28/09/2026 14:26
143fd169-7991-4b90-a8e4-dad68d0b2b03,telecom.cn,resell,,,high,low,7,厦门易名科技股份有限公司,,,26/09/2026 09:33
f0cd132f-023c-42ee-bcd8-bc514db7502e,ceiling.cn,resell,,,high,low,7,Dynadot Inc,,,26/09/2026 04:49
cd0e335d-7572-46bf-9548-7cab4f630320,statements.cn,available,5.36,5.36,medium,low,10,dynadot,,,28/09/2026 08:23
37e0a78f-8d84-4d1f-aaf2-ede907ca6d27,certificates.cn,resell,,,medium,low,12,,,,30/09/2026 00:39
c79f7f1d-ed4f-4e52-b517-f6ec28830c23,yards.cn,resell,,,high,low,5,WEST263 INTERNATIONAL LIMITED,,,29/09/2026 08:47
a2ba019f-6d9b-4b10-b91e-5ef814ac8653,admire.cn,resell,,,high,low,6,,,,28/09/2026 03:18
d3768854-d986-4dcb-ae84-66dc723eed63,jewels.cn,resell,,,high,low,6,Dynadot Inc,,,26/09/2026 07:00
60b94192-b8c9-4bb8-a59c-f246e9408ca5,scholar.cn,resell,,,high,low,7,Dynadot Inc,,,26/09/2026 08:50
ee11c6a7-7fb2-43ec-a32a-3e96ab711233,tramp.cn,resell,,,medium,low,5,商中在线科技股份有限公司,,,26/09/2026 09:43
cbec858f-3e07-45bf-be96-cabbd2feb008,writers.cn,resell,,,medium,low,7,,,,28/09/2026 04:38
31de8dc2-1043-45e0-80c5-9c8f1d27ae93,bistro.cn,resell,,,high,low,6,Dynadot Inc,,,26/09/2026 04:27
29b960bf-cedf-4c84-824e-6f440d27601e,steals.cn,available,5.36,5.36,medium,low,6,dynadot,,,28/09/2026 23:24
a6ad661d-4c5b-4de0-afb4-6fd8ddfaeea2,pulp.cn,resell,,,high,low,4,,,,29/09/2026 07:38
f6dc34a0-7a28-4e5e-b61d-37be91bd90c5,sheikh.cn,resell,,,high,low,6,阿里云计算有限公司（万网）,,,26/09/2026 08:58
a3e7eb2e-4c76-4515-bc1b-b3f40b975530,poisoned.cn,available,5.36,5.36,medium,low,8,dynadot,,,27/09/2026 17:38
702f3600-c2ce-4895-b8df-2c3434fd6809,stafford.cn,resell,,,high,low,8,,,,29/09/2026 14:53
d41de594-ae75-408d-a20d-0f5023951e43,arrived.cn,resell,,,medium,low,7,厦门三五互联信息有限公司,,,26/09/2026 04:02
fa84461c-a449-4638-a59d-14c3f4c3831b,sliding.cn,available,5.36,5.36,medium,low,7,dynadot,,,27/09/2026 22:47